--
-- PostgreSQL database cluster dump
--

SET default_transaction_read_only = off;

SET client_encoding = 'UTF8';
SET standard_conforming_strings = on;

--
-- Drop databases (except postgres and template1)
--

DROP DATABASE django_db;




--
-- Drop roles
--

DROP ROLE django_db;


--
-- Roles
--

CREATE ROLE django_db;
ALTER ROLE django_db WITH SUPERUSER INHERIT CREATEROLE CREATEDB LOGIN REPLICATION BYPASSRLS PASSWORD 'SCRAM-SHA-256$4096:AyYmhKMkE4se11rBkSM6lg==$3BZKw9r9KFzE+qMKWQTW9hm7XMxeZwKC8fv4+rvNt5Q=:2j9T8KZrbeLhwofbUlAIxjGjvJdJLYkNHWzoEzO5zwU=';

--
-- User Configurations
--








--
-- Databases
--

--
-- Database "template1" dump
--

--
-- PostgreSQL database dump
--

-- Dumped from database version 15.4 (Debian 15.4-2.pgdg120+1)
-- Dumped by pg_dump version 15.4 (Debian 15.4-2.pgdg120+1)

SET statement_timeout = 0;
SET lock_timeout = 0;
SET idle_in_transaction_session_timeout = 0;
SET client_encoding = 'UTF8';
SET standard_conforming_strings = on;
SELECT pg_catalog.set_config('search_path', '', false);
SET check_function_bodies = false;
SET xmloption = content;
SET client_min_messages = warning;
SET row_security = off;

UPDATE pg_catalog.pg_database SET datistemplate = false WHERE datname = 'template1';
DROP DATABASE template1;
--
-- Name: template1; Type: DATABASE; Schema: -; Owner: django_db
--

CREATE DATABASE template1 WITH TEMPLATE = template0 ENCODING = 'UTF8' LOCALE_PROVIDER = libc LOCALE = 'en_US.utf8';


ALTER DATABASE template1 OWNER TO django_db;

\connect template1

SET statement_timeout = 0;
SET lock_timeout = 0;
SET idle_in_transaction_session_timeout = 0;
SET client_encoding = 'UTF8';
SET standard_conforming_strings = on;
SELECT pg_catalog.set_config('search_path', '', false);
SET check_function_bodies = false;
SET xmloption = content;
SET client_min_messages = warning;
SET row_security = off;

--
-- Name: DATABASE template1; Type: COMMENT; Schema: -; Owner: django_db
--

COMMENT ON DATABASE template1 IS 'default template for new databases';


--
-- Name: template1; Type: DATABASE PROPERTIES; Schema: -; Owner: django_db
--

ALTER DATABASE template1 IS_TEMPLATE = true;


\connect template1

SET statement_timeout = 0;
SET lock_timeout = 0;
SET idle_in_transaction_session_timeout = 0;
SET client_encoding = 'UTF8';
SET standard_conforming_strings = on;
SELECT pg_catalog.set_config('search_path', '', false);
SET check_function_bodies = false;
SET xmloption = content;
SET client_min_messages = warning;
SET row_security = off;

--
-- Name: DATABASE template1; Type: ACL; Schema: -; Owner: django_db
--

REVOKE CONNECT,TEMPORARY ON DATABASE template1 FROM PUBLIC;
GRANT CONNECT ON DATABASE template1 TO PUBLIC;


--
-- PostgreSQL database dump complete
--

--
-- Database "django_db" dump
--

--
-- PostgreSQL database dump
--

-- Dumped from database version 15.4 (Debian 15.4-2.pgdg120+1)
-- Dumped by pg_dump version 15.4 (Debian 15.4-2.pgdg120+1)

SET statement_timeout = 0;
SET lock_timeout = 0;
SET idle_in_transaction_session_timeout = 0;
SET client_encoding = 'UTF8';
SET standard_conforming_strings = on;
SELECT pg_catalog.set_config('search_path', '', false);
SET check_function_bodies = false;
SET xmloption = content;
SET client_min_messages = warning;
SET row_security = off;

--
-- Name: django_db; Type: DATABASE; Schema: -; Owner: django_db
--

CREATE DATABASE django_db WITH TEMPLATE = template0 ENCODING = 'UTF8' LOCALE_PROVIDER = libc LOCALE = 'en_US.utf8';


ALTER DATABASE django_db OWNER TO django_db;

\connect django_db

SET statement_timeout = 0;
SET lock_timeout = 0;
SET idle_in_transaction_session_timeout = 0;
SET client_encoding = 'UTF8';
SET standard_conforming_strings = on;
SELECT pg_catalog.set_config('search_path', '', false);
SET check_function_bodies = false;
SET xmloption = content;
SET client_min_messages = warning;
SET row_security = off;

SET default_tablespace = '';

SET default_table_access_method = heap;

--
-- Name: auth_group; Type: TABLE; Schema: public; Owner: django_db
--

CREATE TABLE public.auth_group (
    id integer NOT NULL,
    name character varying(150) NOT NULL
);


ALTER TABLE public.auth_group OWNER TO django_db;

--
-- Name: auth_group_id_seq; Type: SEQUENCE; Schema: public; Owner: django_db
--

ALTER TABLE public.auth_group ALTER COLUMN id ADD GENERATED BY DEFAULT AS IDENTITY (
    SEQUENCE NAME public.auth_group_id_seq
    START WITH 1
    INCREMENT BY 1
    NO MINVALUE
    NO MAXVALUE
    CACHE 1
);


--
-- Name: auth_group_permissions; Type: TABLE; Schema: public; Owner: django_db
--

CREATE TABLE public.auth_group_permissions (
    id bigint NOT NULL,
    group_id integer NOT NULL,
    permission_id integer NOT NULL
);


ALTER TABLE public.auth_group_permissions OWNER TO django_db;

--
-- Name: auth_group_permissions_id_seq; Type: SEQUENCE; Schema: public; Owner: django_db
--

ALTER TABLE public.auth_group_permissions ALTER COLUMN id ADD GENERATED BY DEFAULT AS IDENTITY (
    SEQUENCE NAME public.auth_group_permissions_id_seq
    START WITH 1
    INCREMENT BY 1
    NO MINVALUE
    NO MAXVALUE
    CACHE 1
);


--
-- Name: auth_permission; Type: TABLE; Schema: public; Owner: django_db
--

CREATE TABLE public.auth_permission (
    id integer NOT NULL,
    name character varying(255) NOT NULL,
    content_type_id integer NOT NULL,
    codename character varying(100) NOT NULL
);


ALTER TABLE public.auth_permission OWNER TO django_db;

--
-- Name: auth_permission_id_seq; Type: SEQUENCE; Schema: public; Owner: django_db
--

ALTER TABLE public.auth_permission ALTER COLUMN id ADD GENERATED BY DEFAULT AS IDENTITY (
    SEQUENCE NAME public.auth_permission_id_seq
    START WITH 1
    INCREMENT BY 1
    NO MINVALUE
    NO MAXVALUE
    CACHE 1
);


--
-- Name: auth_user; Type: TABLE; Schema: public; Owner: django_db
--

CREATE TABLE public.auth_user (
    id integer NOT NULL,
    password character varying(128) NOT NULL,
    last_login timestamp with time zone,
    is_superuser boolean NOT NULL,
    username character varying(150) NOT NULL,
    first_name character varying(150) NOT NULL,
    last_name character varying(150) NOT NULL,
    email character varying(254) NOT NULL,
    is_staff boolean NOT NULL,
    is_active boolean NOT NULL,
    date_joined timestamp with time zone NOT NULL
);


ALTER TABLE public.auth_user OWNER TO django_db;

--
-- Name: auth_user_groups; Type: TABLE; Schema: public; Owner: django_db
--

CREATE TABLE public.auth_user_groups (
    id bigint NOT NULL,
    user_id integer NOT NULL,
    group_id integer NOT NULL
);


ALTER TABLE public.auth_user_groups OWNER TO django_db;

--
-- Name: auth_user_groups_id_seq; Type: SEQUENCE; Schema: public; Owner: django_db
--

ALTER TABLE public.auth_user_groups ALTER COLUMN id ADD GENERATED BY DEFAULT AS IDENTITY (
    SEQUENCE NAME public.auth_user_groups_id_seq
    START WITH 1
    INCREMENT BY 1
    NO MINVALUE
    NO MAXVALUE
    CACHE 1
);


--
-- Name: auth_user_id_seq; Type: SEQUENCE; Schema: public; Owner: django_db
--

ALTER TABLE public.auth_user ALTER COLUMN id ADD GENERATED BY DEFAULT AS IDENTITY (
    SEQUENCE NAME public.auth_user_id_seq
    START WITH 1
    INCREMENT BY 1
    NO MINVALUE
    NO MAXVALUE
    CACHE 1
);


--
-- Name: auth_user_user_permissions; Type: TABLE; Schema: public; Owner: django_db
--

CREATE TABLE public.auth_user_user_permissions (
    id bigint NOT NULL,
    user_id integer NOT NULL,
    permission_id integer NOT NULL
);


ALTER TABLE public.auth_user_user_permissions OWNER TO django_db;

--
-- Name: auth_user_user_permissions_id_seq; Type: SEQUENCE; Schema: public; Owner: django_db
--

ALTER TABLE public.auth_user_user_permissions ALTER COLUMN id ADD GENERATED BY DEFAULT AS IDENTITY (
    SEQUENCE NAME public.auth_user_user_permissions_id_seq
    START WITH 1
    INCREMENT BY 1
    NO MINVALUE
    NO MAXVALUE
    CACHE 1
);


--
-- Name: authtoken_token; Type: TABLE; Schema: public; Owner: django_db
--

CREATE TABLE public.authtoken_token (
    key character varying(40) NOT NULL,
    created timestamp with time zone NOT NULL,
    user_id integer NOT NULL
);


ALTER TABLE public.authtoken_token OWNER TO django_db;

--
-- Name: budgets_budget; Type: TABLE; Schema: public; Owner: django_db
--

CREATE TABLE public.budgets_budget (
    id bigint NOT NULL,
    name character varying(100) NOT NULL
);


ALTER TABLE public.budgets_budget OWNER TO django_db;

--
-- Name: budgets_budget_id_seq; Type: SEQUENCE; Schema: public; Owner: django_db
--

ALTER TABLE public.budgets_budget ALTER COLUMN id ADD GENERATED BY DEFAULT AS IDENTITY (
    SEQUENCE NAME public.budgets_budget_id_seq
    START WITH 1
    INCREMENT BY 1
    NO MINVALUE
    NO MAXVALUE
    CACHE 1
);


--
-- Name: django_admin_log; Type: TABLE; Schema: public; Owner: django_db
--

CREATE TABLE public.django_admin_log (
    id integer NOT NULL,
    action_time timestamp with time zone NOT NULL,
    object_id text,
    object_repr character varying(200) NOT NULL,
    action_flag smallint NOT NULL,
    change_message text NOT NULL,
    content_type_id integer,
    user_id integer NOT NULL,
    CONSTRAINT django_admin_log_action_flag_check CHECK ((action_flag >= 0))
);


ALTER TABLE public.django_admin_log OWNER TO django_db;

--
-- Name: django_admin_log_id_seq; Type: SEQUENCE; Schema: public; Owner: django_db
--

ALTER TABLE public.django_admin_log ALTER COLUMN id ADD GENERATED BY DEFAULT AS IDENTITY (
    SEQUENCE NAME public.django_admin_log_id_seq
    START WITH 1
    INCREMENT BY 1
    NO MINVALUE
    NO MAXVALUE
    CACHE 1
);


--
-- Name: django_content_type; Type: TABLE; Schema: public; Owner: django_db
--

CREATE TABLE public.django_content_type (
    id integer NOT NULL,
    app_label character varying(100) NOT NULL,
    model character varying(100) NOT NULL
);


ALTER TABLE public.django_content_type OWNER TO django_db;

--
-- Name: django_content_type_id_seq; Type: SEQUENCE; Schema: public; Owner: django_db
--

ALTER TABLE public.django_content_type ALTER COLUMN id ADD GENERATED BY DEFAULT AS IDENTITY (
    SEQUENCE NAME public.django_content_type_id_seq
    START WITH 1
    INCREMENT BY 1
    NO MINVALUE
    NO MAXVALUE
    CACHE 1
);


--
-- Name: django_migrations; Type: TABLE; Schema: public; Owner: django_db
--

CREATE TABLE public.django_migrations (
    id bigint NOT NULL,
    app character varying(255) NOT NULL,
    name character varying(255) NOT NULL,
    applied timestamp with time zone NOT NULL
);


ALTER TABLE public.django_migrations OWNER TO django_db;

--
-- Name: django_migrations_id_seq; Type: SEQUENCE; Schema: public; Owner: django_db
--

ALTER TABLE public.django_migrations ALTER COLUMN id ADD GENERATED BY DEFAULT AS IDENTITY (
    SEQUENCE NAME public.django_migrations_id_seq
    START WITH 1
    INCREMENT BY 1
    NO MINVALUE
    NO MAXVALUE
    CACHE 1
);


--
-- Name: django_session; Type: TABLE; Schema: public; Owner: django_db
--

CREATE TABLE public.django_session (
    session_key character varying(40) NOT NULL,
    session_data text NOT NULL,
    expire_date timestamp with time zone NOT NULL
);


ALTER TABLE public.django_session OWNER TO django_db;

--
-- Name: token_blacklist_blacklistedtoken; Type: TABLE; Schema: public; Owner: django_db
--

CREATE TABLE public.token_blacklist_blacklistedtoken (
    id bigint NOT NULL,
    blacklisted_at timestamp with time zone NOT NULL,
    token_id bigint NOT NULL
);


ALTER TABLE public.token_blacklist_blacklistedtoken OWNER TO django_db;

--
-- Name: token_blacklist_blacklistedtoken_id_seq; Type: SEQUENCE; Schema: public; Owner: django_db
--

ALTER TABLE public.token_blacklist_blacklistedtoken ALTER COLUMN id ADD GENERATED BY DEFAULT AS IDENTITY (
    SEQUENCE NAME public.token_blacklist_blacklistedtoken_id_seq
    START WITH 1
    INCREMENT BY 1
    NO MINVALUE
    NO MAXVALUE
    CACHE 1
);


--
-- Name: token_blacklist_outstandingtoken; Type: TABLE; Schema: public; Owner: django_db
--

CREATE TABLE public.token_blacklist_outstandingtoken (
    id bigint NOT NULL,
    token text NOT NULL,
    created_at timestamp with time zone,
    expires_at timestamp with time zone NOT NULL,
    user_id integer,
    jti character varying(255) NOT NULL
);


ALTER TABLE public.token_blacklist_outstandingtoken OWNER TO django_db;

--
-- Name: token_blacklist_outstandingtoken_id_seq; Type: SEQUENCE; Schema: public; Owner: django_db
--

ALTER TABLE public.token_blacklist_outstandingtoken ALTER COLUMN id ADD GENERATED BY DEFAULT AS IDENTITY (
    SEQUENCE NAME public.token_blacklist_outstandingtoken_id_seq
    START WITH 1
    INCREMENT BY 1
    NO MINVALUE
    NO MAXVALUE
    CACHE 1
);


--
-- Name: transactions_transaction; Type: TABLE; Schema: public; Owner: django_db
--

CREATE TABLE public.transactions_transaction (
    id bigint NOT NULL,
    name character varying(255) NOT NULL,
    amount numeric(10,2) NOT NULL,
    created_at timestamp with time zone NOT NULL,
    updated_at timestamp with time zone NOT NULL,
    account_id bigint NOT NULL,
    budget_id bigint NOT NULL,
    category_id bigint NOT NULL
);


ALTER TABLE public.transactions_transaction OWNER TO django_db;

--
-- Name: transactions_transaction_id_seq; Type: SEQUENCE; Schema: public; Owner: django_db
--

ALTER TABLE public.transactions_transaction ALTER COLUMN id ADD GENERATED BY DEFAULT AS IDENTITY (
    SEQUENCE NAME public.transactions_transaction_id_seq
    START WITH 1
    INCREMENT BY 1
    NO MINVALUE
    NO MAXVALUE
    CACHE 1
);


--
-- Name: transactions_transaction_tags; Type: TABLE; Schema: public; Owner: django_db
--

CREATE TABLE public.transactions_transaction_tags (
    id bigint NOT NULL,
    transaction_id bigint NOT NULL,
    transactiontag_id bigint NOT NULL
);


ALTER TABLE public.transactions_transaction_tags OWNER TO django_db;

--
-- Name: transactions_transaction_tags_id_seq; Type: SEQUENCE; Schema: public; Owner: django_db
--

ALTER TABLE public.transactions_transaction_tags ALTER COLUMN id ADD GENERATED BY DEFAULT AS IDENTITY (
    SEQUENCE NAME public.transactions_transaction_tags_id_seq
    START WITH 1
    INCREMENT BY 1
    NO MINVALUE
    NO MAXVALUE
    CACHE 1
);


--
-- Name: transactions_transactioncategory; Type: TABLE; Schema: public; Owner: django_db
--

CREATE TABLE public.transactions_transactioncategory (
    id bigint NOT NULL,
    name character varying(255) NOT NULL,
    created_at timestamp with time zone NOT NULL,
    updated_at timestamp with time zone NOT NULL
);


ALTER TABLE public.transactions_transactioncategory OWNER TO django_db;

--
-- Name: transactions_transactioncategory_id_seq; Type: SEQUENCE; Schema: public; Owner: django_db
--

ALTER TABLE public.transactions_transactioncategory ALTER COLUMN id ADD GENERATED BY DEFAULT AS IDENTITY (
    SEQUENCE NAME public.transactions_transactioncategory_id_seq
    START WITH 1
    INCREMENT BY 1
    NO MINVALUE
    NO MAXVALUE
    CACHE 1
);


--
-- Name: transactions_transactiontag; Type: TABLE; Schema: public; Owner: django_db
--

CREATE TABLE public.transactions_transactiontag (
    id bigint NOT NULL,
    name character varying(255) NOT NULL,
    created_at timestamp with time zone NOT NULL,
    updated_at timestamp with time zone NOT NULL
);


ALTER TABLE public.transactions_transactiontag OWNER TO django_db;

--
-- Name: transactions_transactiontag_id_seq; Type: SEQUENCE; Schema: public; Owner: django_db
--

ALTER TABLE public.transactions_transactiontag ALTER COLUMN id ADD GENERATED BY DEFAULT AS IDENTITY (
    SEQUENCE NAME public.transactions_transactiontag_id_seq
    START WITH 1
    INCREMENT BY 1
    NO MINVALUE
    NO MAXVALUE
    CACHE 1
);


--
-- Name: users_account; Type: TABLE; Schema: public; Owner: django_db
--

CREATE TABLE public.users_account (
    id bigint NOT NULL,
    name character varying(255) NOT NULL,
    created_at timestamp with time zone NOT NULL,
    updated_at timestamp with time zone NOT NULL,
    owner_id integer NOT NULL
);


ALTER TABLE public.users_account OWNER TO django_db;

--
-- Name: users_account_id_seq; Type: SEQUENCE; Schema: public; Owner: django_db
--

ALTER TABLE public.users_account ALTER COLUMN id ADD GENERATED BY DEFAULT AS IDENTITY (
    SEQUENCE NAME public.users_account_id_seq
    START WITH 1
    INCREMENT BY 1
    NO MINVALUE
    NO MAXVALUE
    CACHE 1
);


--
-- Data for Name: auth_group; Type: TABLE DATA; Schema: public; Owner: django_db
--

COPY public.auth_group (id, name) FROM stdin;
\.


--
-- Data for Name: auth_group_permissions; Type: TABLE DATA; Schema: public; Owner: django_db
--

COPY public.auth_group_permissions (id, group_id, permission_id) FROM stdin;
\.


--
-- Data for Name: auth_permission; Type: TABLE DATA; Schema: public; Owner: django_db
--

COPY public.auth_permission (id, name, content_type_id, codename) FROM stdin;
1	Can add log entry	1	add_logentry
2	Can change log entry	1	change_logentry
3	Can delete log entry	1	delete_logentry
4	Can view log entry	1	view_logentry
5	Can add permission	2	add_permission
6	Can change permission	2	change_permission
7	Can delete permission	2	delete_permission
8	Can view permission	2	view_permission
9	Can add group	3	add_group
10	Can change group	3	change_group
11	Can delete group	3	delete_group
12	Can view group	3	view_group
13	Can add user	4	add_user
14	Can change user	4	change_user
15	Can delete user	4	delete_user
16	Can view user	4	view_user
17	Can add content type	5	add_contenttype
18	Can change content type	5	change_contenttype
19	Can delete content type	5	delete_contenttype
20	Can view content type	5	view_contenttype
21	Can add session	6	add_session
22	Can change session	6	change_session
23	Can delete session	6	delete_session
24	Can view session	6	view_session
25	Can add Token	7	add_token
26	Can change Token	7	change_token
27	Can delete Token	7	delete_token
28	Can view Token	7	view_token
29	Can add token	8	add_tokenproxy
30	Can change token	8	change_tokenproxy
31	Can delete token	8	delete_tokenproxy
32	Can view token	8	view_tokenproxy
33	Can add transaction	9	add_transaction
34	Can change transaction	9	change_transaction
35	Can delete transaction	9	delete_transaction
36	Can view transaction	9	view_transaction
37	Can add transaction category	10	add_transactioncategory
38	Can change transaction category	10	change_transactioncategory
39	Can delete transaction category	10	delete_transactioncategory
40	Can view transaction category	10	view_transactioncategory
41	Can add transaction tag	11	add_transactiontag
42	Can change transaction tag	11	change_transactiontag
43	Can delete transaction tag	11	delete_transactiontag
44	Can view transaction tag	11	view_transactiontag
45	Can add budget	12	add_budget
46	Can change budget	12	change_budget
47	Can delete budget	12	delete_budget
48	Can view budget	12	view_budget
49	Can add account	13	add_account
50	Can change account	13	change_account
51	Can delete account	13	delete_account
52	Can view account	13	view_account
53	Can add blacklisted token	14	add_blacklistedtoken
54	Can change blacklisted token	14	change_blacklistedtoken
55	Can delete blacklisted token	14	delete_blacklistedtoken
56	Can view blacklisted token	14	view_blacklistedtoken
57	Can add outstanding token	15	add_outstandingtoken
58	Can change outstanding token	15	change_outstandingtoken
59	Can delete outstanding token	15	delete_outstandingtoken
60	Can view outstanding token	15	view_outstandingtoken
\.


--
-- Data for Name: auth_user; Type: TABLE DATA; Schema: public; Owner: django_db
--

COPY public.auth_user (id, password, last_login, is_superuser, username, first_name, last_name, email, is_staff, is_active, date_joined) FROM stdin;
4	pbkdf2_sha256$600000$2ARUbM8S577V6w9q3Z72Vk$v2OtFxnhkr7l4DQaz3uSyd8Jc1nXA1oPw/YEyDMmwlU=	\N	f	test123				f	t	2023-11-12 11:15:46.361094+00
3	pbkdf2_sha256$600000$VywRnsS1ZglwCSmVfz4guV$YTqd5FQUITnHDoa6VtzRKqe4bWACVguHGTFdJZR2NQM=	\N	f	testowe				f	t	2023-10-20 18:42:04.541233+00
2	pbkdf2_sha256$600000$5pAmP0G1h5csBQ9sArfsJA$eU1UaeqJV6o5O/U9cxirwqM0Quld+3BwwlnzeuqbNbU=	2023-10-20 19:10:56.075958+00	f	test				f	t	2023-10-20 18:39:00.561316+00
1	pbkdf2_sha256$600000$TutpXe9XYbjCmy4T5sVwXe$CNVtCGwr74kjZK5AFBWX+jkn0dWH3MFzcYu0UpxQUNg=	2023-12-09 19:04:13.954299+00	t	admin			admin@kuboit.pl	t	t	2023-10-14 20:30:36.190016+00
\.


--
-- Data for Name: auth_user_groups; Type: TABLE DATA; Schema: public; Owner: django_db
--

COPY public.auth_user_groups (id, user_id, group_id) FROM stdin;
\.


--
-- Data for Name: auth_user_user_permissions; Type: TABLE DATA; Schema: public; Owner: django_db
--

COPY public.auth_user_user_permissions (id, user_id, permission_id) FROM stdin;
\.


--
-- Data for Name: authtoken_token; Type: TABLE DATA; Schema: public; Owner: django_db
--

COPY public.authtoken_token (key, created, user_id) FROM stdin;
1eeae73963d1da392c4a1739e8bc72c3ca17411e	2023-10-20 19:10:56.045337+00	2
0a8180439ff92c2e1dc5f72480aa39a6aa4d8a75	2023-11-08 18:22:19.779107+00	1
\.


--
-- Data for Name: budgets_budget; Type: TABLE DATA; Schema: public; Owner: django_db
--

COPY public.budgets_budget (id, name) FROM stdin;
1	Domowy
2	Testowy
\.


--
-- Data for Name: django_admin_log; Type: TABLE DATA; Schema: public; Owner: django_db
--

COPY public.django_admin_log (id, action_time, object_id, object_repr, action_flag, change_message, content_type_id, user_id) FROM stdin;
1	2023-10-20 16:59:17.945291+00	1	Domowy	1	[{"added": {}}]	12	1
2	2023-10-20 17:04:38.128034+00	1	Test	1	[{"added": {}}]	13	1
3	2023-10-20 17:04:45.171065+00	1	Subskrypcje	1	[{"added": {}}]	10	1
4	2023-10-20 17:04:47.102214+00	1	Domowy	2	[{"added": {"name": "transaction", "object": "Spotify, Subskrypcje, 29"}}]	12	1
5	2023-10-20 17:53:08.082522+00	1	Domowy	2	[{"added": {"name": "transaction", "object": "Netflix, Subskrypcje, 59"}}]	12	1
6	2023-10-20 17:53:22.43146+00	1	Domowy	2	[{"added": {"name": "transaction", "object": "GamePass, Subskrypcje, 54.99"}}]	12	1
7	2023-10-20 18:02:51.637853+00	1	Prywatne	1	[{"added": {}}]	11	1
8	2023-10-20 18:02:56.173941+00	1	Domowy	2	[{"changed": {"name": "transaction", "object": "Spotify, Subskrypcje, 29.00", "fields": ["Tags"]}}]	12	1
9	2023-11-08 17:59:36.548956+00	2	muzyka	1	[{"added": {}}]	11	1
10	2023-11-08 17:59:38.797438+00	1	Domowy	2	[{"changed": {"name": "transaction", "object": "Spotify, Subskrypcje, 29.00", "fields": ["Tags"]}}]	12	1
11	2023-11-08 18:25:49.661545+00	1	Domowy	2	[{"added": {"name": "transaction", "object": "Test, Subskrypcje, 123"}}]	12	1
\.


--
-- Data for Name: django_content_type; Type: TABLE DATA; Schema: public; Owner: django_db
--

COPY public.django_content_type (id, app_label, model) FROM stdin;
1	admin	logentry
2	auth	permission
3	auth	group
4	auth	user
5	contenttypes	contenttype
6	sessions	session
7	authtoken	token
8	authtoken	tokenproxy
9	transactions	transaction
10	transactions	transactioncategory
11	transactions	transactiontag
12	budgets	budget
13	users	account
14	token_blacklist	blacklistedtoken
15	token_blacklist	outstandingtoken
\.


--
-- Data for Name: django_migrations; Type: TABLE DATA; Schema: public; Owner: django_db
--

COPY public.django_migrations (id, app, name, applied) FROM stdin;
1	contenttypes	0001_initial	2023-10-14 20:27:40.012573+00
2	auth	0001_initial	2023-10-14 20:27:40.101178+00
3	admin	0001_initial	2023-10-14 20:27:40.12731+00
4	admin	0002_logentry_remove_auto_add	2023-10-14 20:27:40.136121+00
5	admin	0003_logentry_add_action_flag_choices	2023-10-14 20:27:40.14498+00
6	contenttypes	0002_remove_content_type_name	2023-10-14 20:27:40.163862+00
7	auth	0002_alter_permission_name_max_length	2023-10-14 20:27:40.173039+00
8	auth	0003_alter_user_email_max_length	2023-10-14 20:27:40.182891+00
9	auth	0004_alter_user_username_opts	2023-10-14 20:27:40.191856+00
10	auth	0005_alter_user_last_login_null	2023-10-14 20:27:40.20167+00
11	auth	0006_require_contenttypes_0002	2023-10-14 20:27:40.20506+00
12	auth	0007_alter_validators_add_error_messages	2023-10-14 20:27:40.214244+00
13	auth	0008_alter_user_username_max_length	2023-10-14 20:27:40.227646+00
14	auth	0009_alter_user_last_name_max_length	2023-10-14 20:27:40.237422+00
15	auth	0010_alter_group_name_max_length	2023-10-14 20:27:40.249434+00
16	auth	0011_update_proxy_permissions	2023-10-14 20:27:40.257684+00
17	auth	0012_alter_user_first_name_max_length	2023-10-14 20:27:40.268446+00
18	authtoken	0001_initial	2023-10-14 20:27:40.290252+00
19	authtoken	0002_auto_20160226_1747	2023-10-14 20:27:40.31633+00
20	authtoken	0003_tokenproxy	2023-10-14 20:27:40.320543+00
21	budgets	0001_initial	2023-10-14 20:27:40.332232+00
22	sessions	0001_initial	2023-10-14 20:27:40.349189+00
23	users	0001_initial	2023-10-14 20:27:40.379334+00
24	transactions	0001_initial	2023-10-14 20:27:40.460812+00
25	token_blacklist	0001_initial	2023-11-14 18:25:11.299669+00
26	token_blacklist	0002_outstandingtoken_jti_hex	2023-11-14 18:25:11.31284+00
27	token_blacklist	0003_auto_20171017_2007	2023-11-14 18:25:11.330332+00
28	token_blacklist	0004_auto_20171017_2013	2023-11-14 18:25:11.349694+00
29	token_blacklist	0005_remove_outstandingtoken_jti	2023-11-14 18:25:11.363119+00
30	token_blacklist	0006_auto_20171017_2113	2023-11-14 18:25:11.375615+00
31	token_blacklist	0007_auto_20171017_2214	2023-11-14 18:25:11.411948+00
32	token_blacklist	0008_migrate_to_bigautofield	2023-11-14 18:25:11.465398+00
33	token_blacklist	0010_fix_migrate_to_bigautofield	2023-11-14 18:25:11.485726+00
34	token_blacklist	0011_linearizes_history	2023-11-14 18:25:11.506726+00
35	token_blacklist	0012_alter_outstandingtoken_user	2023-11-14 18:25:11.526111+00
\.


--
-- Data for Name: django_session; Type: TABLE DATA; Schema: public; Owner: django_db
--

COPY public.django_session (session_key, session_data, expire_date) FROM stdin;
y5jp9lc556qtr8pj9khba30lj5rajhku	.eJxVjMEOwiAQRP-FsyGFAtv16N1vIAu7StXQpLQn47_bJj3obTLvzbxVpHUpcW0yx5HVWRl1-u0S5afUHfCD6n3SearLPCa9K_qgTV8nltflcP8OCrWyrQdBAHEGqAdG8sbKljn5PlHI0AW6IVkPhGAT0sAWHApQzhJc50B9vuJkN-U:1qrlJN:hGvnYnb0fLnqf1lcONN482c_tTx2oyHk029ZubZhhvw	2023-10-28 20:32:37.277+00
1j96hzefxwd9rjfm4w0lalimqt5opttr	.eJxVjMEOwiAQRP-FsyGFAtv16N1vIAu7StXQpLQn47_bJj3obTLvzbxVpHUpcW0yx5HVWRl1-u0S5afUHfCD6n3SearLPCa9K_qgTV8nltflcP8OCrWyrQdBAHEGqAdG8sbKljn5PlHI0AW6IVkPhGAT0sAWHApQzhJc50B9vuJkN-U:1qrm2m:V1Lylclk-8NFoUNoNBcgQxISdAnDUp8Plja3Au0VqsA	2023-10-28 21:19:32.719967+00
4j4ed4iw90ijuilhciyr63prv66o7v5c	.eJxVjMEOwiAQRP-FsyGFAtv16N1vIAu7StXQpLQn47_bJj3obTLvzbxVpHUpcW0yx5HVWRl1-u0S5afUHfCD6n3SearLPCa9K_qgTV8nltflcP8OCrWyrQdBAHEGqAdG8sbKljn5PlHI0AW6IVkPhGAT0sAWHApQzhJc50B9vuJkN-U:1qrm41:VGaDEc4WAxr35EFml4JwtP6Mu-ne1jbwke5J3nTQJwg	2023-10-28 21:20:49.53481+00
nkntywzyc5x6e0fsazyw21coomiw3eut	.eJxVjMEOwiAQRP-FsyGFAtv16N1vIAu7StXQpLQn47_bJj3obTLvzbxVpHUpcW0yx5HVWRl1-u0S5afUHfCD6n3SearLPCa9K_qgTV8nltflcP8OCrWyrQdBAHEGqAdG8sbKljn5PlHI0AW6IVkPhGAT0sAWHApQzhJc50B9vuJkN-U:1qtsNG:4zImlSlwczr-lPLzqAtCYAaTM_0DQiVtne4BbiUI9OM	2023-11-03 16:29:22.854996+00
3949b4592xuhh5yii7lo31mb96xywgs6	.eJxVjMEOwiAQRP-FsyGFAtv16N1vIAu7StXQpLQn47_bJj3obTLvzbxVpHUpcW0yx5HVWRl1-u0S5afUHfCD6n3SearLPCa9K_qgTV8nltflcP8OCrWyrQdBAHEGqAdG8sbKljn5PlHI0AW6IVkPhGAT0sAWHApQzhJc50B9vuJkN-U:1qtshn:1BnavD1lwkTHIvTdTBYS3y6FYhdYFbZq4g7o3YAAqxI	2023-11-03 16:50:35.706205+00
j5y9ikwgmzhph2wl2nxskr09mixh42u7	.eJxVjMEOwiAQRP-FsyGFAtv16N1vIAu7StXQpLQn47_bJj3obTLvzbxVpHUpcW0yx5HVWRl1-u0S5afUHfCD6n3SearLPCa9K_qgTV8nltflcP8OCrWyrQdBAHEGqAdG8sbKljn5PlHI0AW6IVkPhGAT0sAWHApQzhJc50B9vuJkN-U:1qtspT:K5vV4Q8vZBu_FCYfYx41rnUm5Jib7aN4xkGJizlULTg	2023-11-03 16:58:31.158815+00
rz0273gp1j0qugeccnhgy380rbwgb5ed	.eJxVjMEOwiAQRP-FsyGFAtv16N1vIAu7StXQpLQn47_bJj3obTLvzbxVpHUpcW0yx5HVWRl1-u0S5afUHfCD6n3SearLPCa9K_qgTV8nltflcP8OCrWyrQdBAHEGqAdG8sbKljn5PlHI0AW6IVkPhGAT0sAWHApQzhJc50B9vuJkN-U:1qttUx:gjDzi40Nvi9GZlTnencKPA6OsrinofsFBL1uqeIDMT4	2023-11-03 17:41:23.940721+00
yuq7mvno7xbh44mey8qd9ifso98zkhp3	.eJxVjMEOwiAQRP-FsyGFAtv16N1vIAu7StXQpLQn47_bJj3obTLvzbxVpHUpcW0yx5HVWRl1-u0S5afUHfCD6n3SearLPCa9K_qgTV8nltflcP8OCrWyrQdBAHEGqAdG8sbKljn5PlHI0AW6IVkPhGAT0sAWHApQzhJc50B9vuJkN-U:1qtuUw:Rv13T6CfYjk4ZZezjkhryUQkR41_jYHCL5OTlimmC68	2023-11-03 18:45:26.992833+00
9wq9jvgjmxoamtffs9eo1ows6gjhpjss	.eJxVjMEOwiAQRP-FsyGFAtv16N1vIAu7StXQpLQn47_bJj3obTLvzbxVpHUpcW0yx5HVWRl1-u0S5afUHfCD6n3SearLPCa9K_qgTV8nltflcP8OCrWyrQdBAHEGqAdG8sbKljn5PlHI0AW6IVkPhGAT0sAWHApQzhJc50B9vuJkN-U:1qtuZQ:pedLEygfmV1FoviXONTipj0q5Vvpu-FUpVFzxb4wFYE	2023-11-03 18:50:04.591898+00
rj4psytxzo4vzsf82z7kntova7bk053c	.eJxVjMEOwiAQRP-FsyGFAtv16N1vIAu7StXQpLQn47_bJj3obTLvzbxVpHUpcW0yx5HVWRl1-u0S5afUHfCD6n3SearLPCa9K_qgTV8nltflcP8OCrWyrQdBAHEGqAdG8sbKljn5PlHI0AW6IVkPhGAT0sAWHApQzhJc50B9vuJkN-U:1qtuZr:ROf-z1cT19-vPkb5HZnkzu45XD45-LoebvJeoz9Dx3Q	2023-11-03 18:50:31.281788+00
os6fhvzng4yff63hfj3yfqm28z5z63o4	.eJxVjMEOwiAQRP-FsyGFAtv16N1vIAu7StXQpLQn47_bJj3obTLvzbxVpHUpcW0yx5HVWRl1-u0S5afUHfCD6n3SearLPCa9K_qgTV8nltflcP8OCrWyrQdBAHEGqAdG8sbKljn5PlHI0AW6IVkPhGAT0sAWHApQzhJc50B9vuJkN-U:1qtulr:z7GcXluGcoWyORd-xtbKktzv7NLIB7La1NPZ-rsU0eM	2023-11-03 19:02:55.341851+00
kkapv03cvj4us5kmdvnjf6f5mnqxvhux	.eJxVjMEOwiAQRP-FsyGFAtv16N1vIAu7StXQpLQn47_bJj3obTLvzbxVpHUpcW0yx5HVWRl1-u0S5afUHfCD6n3SearLPCa9K_qgTV8nltflcP8OCrWyrQdBAHEGqAdG8sbKljn5PlHI0AW6IVkPhGAT0sAWHApQzhJc50B9vuJkN-U:1qtumM:BGpdRG5IgiNmpKSr4efU9FXoqydg-1pOZyOVwxxZAgo	2023-11-03 19:03:26.103397+00
q1dbn6hs0v5324lgqoqao1nix0jds57a	.eJxVjMEOwiAQRP-FsyGFAtv16N1vIAu7StXQpLQn47_bJj3obTLvzbxVpHUpcW0yx5HVWRl1-u0S5afUHfCD6n3SearLPCa9K_qgTV8nltflcP8OCrWyrQdBAHEGqAdG8sbKljn5PlHI0AW6IVkPhGAT0sAWHApQzhJc50B9vuJkN-U:1qturQ:uli8Wx0M0V29ZGOxnGar3fl_nMRPRtUxRFJ75ezF7ho	2023-11-03 19:08:40.837787+00
9g5l6mfj3zezrmmfpqbi1b7lgen6a8pd	.eJxVjMEOwiAQRP-FsyGFAtv16N1vIAu7StXQpLQn47_bJj3obTLvzbxVpHUpcW0yx5HVWRl1-u0S5afUHfCD6n3SearLPCa9K_qgTV8nltflcP8OCrWyrQdBAHEGqAdG8sbKljn5PlHI0AW6IVkPhGAT0sAWHApQzhJc50B9vuJkN-U:1qturl:JfYz5ZYoCUDO1p4McMtSQNkWBRHog6q2xThf_GfazOo	2023-11-03 19:09:01.692107+00
g39b77ho5v825cr2dwwoj1r98hplyieg	.eJxVjMEOwiAQRP-FsyGFAtv16N1vIAu7StXQpLQn47_bJj3obTLvzbxVpHUpcW0yx5HVWRl1-u0S5afUHfCD6n3SearLPCa9K_qgTV8nltflcP8OCrWyrQdBAHEGqAdG8sbKljn5PlHI0AW6IVkPhGAT0sAWHApQzhJc50B9vuJkN-U:1qtusy:sbot8fg16Zawv0bcG68XErv2xdwj6jmxzgU6HanU0R8	2023-11-03 19:10:16.07815+00
5rcxjc16oohiyt6rih9ksobryadznx80	.eJxVjDEOwjAMRe-SGUV2UpyKkZ0zRLZjaAG1UtNOFXdHkTrA-t97f3eZt3XIW7Ulj8VdXHCn301YXzY1UJ48PWav87Quo_im-INWf5uLva-H-3cwcB1anQSjGYKCEnVqSj0yoEWOFgQ49p1Qr_eQAJCUzsiRiJIEsYLsPl_oSDfX:1qtutc:k9HRQHW0nXSu5YefD4pGAIl0w6_rE8c6LdfLLORA3Ec	2023-11-03 19:10:56.079399+00
wvtw9jr6wrzjps52vuk3oin0ep1el3re	.eJxVjMEOwiAQRP-FsyGFAtv16N1vIAu7StXQpLQn47_bJj3obTLvzbxVpHUpcW0yx5HVWRl1-u0S5afUHfCD6n3SearLPCa9K_qgTV8nltflcP8OCrWyrQdBAHEGqAdG8sbKljn5PlHI0AW6IVkPhGAT0sAWHApQzhJc50B9vuJkN-U:1qtuty:vW-HJdOLMSajNux3Hsxty3cTMjTpebHUzvwbNdU3YFk	2023-11-03 19:11:18.729692+00
g9ikjdfqhcnijtux5fzxz7utvu6eh14k	.eJxVjMEOwiAQRP-FsyGFAtv16N1vIAu7StXQpLQn47_bJj3obTLvzbxVpHUpcW0yx5HVWRl1-u0S5afUHfCD6n3SearLPCa9K_qgTV8nltflcP8OCrWyrQdBAHEGqAdG8sbKljn5PlHI0AW6IVkPhGAT0sAWHApQzhJc50B9vuJkN-U:1qtuuU:OM8hnr4vsyTCmydT1sZZ1kGzexJGwM4SLdlYO0yR5uY	2023-11-03 19:11:50.03528+00
ppldwb1gfn5spqcqqza12y7jz57npq89	.eJxVjMEOwiAQRP-FsyGFAtv16N1vIAu7StXQpLQn47_bJj3obTLvzbxVpHUpcW0yx5HVWRl1-u0S5afUHfCD6n3SearLPCa9K_qgTV8nltflcP8OCrWyrQdBAHEGqAdG8sbKljn5PlHI0AW6IVkPhGAT0sAWHApQzhJc50B9vuJkN-U:1qtuuq:ZfIIu8AUCdwsJgSV50VdGC6tgx0_DAdsaa4RbmSgqsc	2023-11-03 19:12:12.527517+00
f92jeq9ut22tq8u0nlmoi7lcsk6lyv7g	.eJxVjMEOwiAQRP-FsyGFAtv16N1vIAu7StXQpLQn47_bJj3obTLvzbxVpHUpcW0yx5HVWRl1-u0S5afUHfCD6n3SearLPCa9K_qgTV8nltflcP8OCrWyrQdBAHEGqAdG8sbKljn5PlHI0AW6IVkPhGAT0sAWHApQzhJc50B9vuJkN-U:1qtuv8:g9vfkZIlRHN_8_87ThoRfEFN3aSHiP2srxr5C8s03NA	2023-11-03 19:12:30.522573+00
zrd2gq5qx1a7oui9702mfqdu938wgjhx	.eJxVjMEOwiAQRP-FsyGFAtv16N1vIAu7StXQpLQn47_bJj3obTLvzbxVpHUpcW0yx5HVWRl1-u0S5afUHfCD6n3SearLPCa9K_qgTV8nltflcP8OCrWyrQdBAHEGqAdG8sbKljn5PlHI0AW6IVkPhGAT0sAWHApQzhJc50B9vuJkN-U:1qtuwJ:9ocTJnoFYVZ96vxJQFsATeDu2KU9GTfAG81vDfY8UsA	2023-11-03 19:13:43.097158+00
nq3i6snj0sqyw4smmsc8pqicfvlrg4ve	.eJxVjMEOwiAQRP-FsyGFAtv16N1vIAu7StXQpLQn47_bJj3obTLvzbxVpHUpcW0yx5HVWRl1-u0S5afUHfCD6n3SearLPCa9K_qgTV8nltflcP8OCrWyrQdBAHEGqAdG8sbKljn5PlHI0AW6IVkPhGAT0sAWHApQzhJc50B9vuJkN-U:1qtuyH:urgOAQ05wGBwTyV4DTWAy-TOLs60XN8S2F85MJxuhPY	2023-11-03 19:15:45.725038+00
tr5sw59zgsc8zwkk7sv04ue602us0rm6	.eJxVjMEOwiAQRP-FsyGFAtv16N1vIAu7StXQpLQn47_bJj3obTLvzbxVpHUpcW0yx5HVWRl1-u0S5afUHfCD6n3SearLPCa9K_qgTV8nltflcP8OCrWyrQdBAHEGqAdG8sbKljn5PlHI0AW6IVkPhGAT0sAWHApQzhJc50B9vuJkN-U:1qtuyS:Wc1Wrm9Ct0HZ2TNrqRgG-cwn31HDh8VejUjQyVqwEmQ	2023-11-03 19:15:56.132918+00
86k83uphgy6hnfy3j60ywxddta9iopm5	.eJxVjMEOwiAQRP-FsyGFAtv16N1vIAu7StXQpLQn47_bJj3obTLvzbxVpHUpcW0yx5HVWRl1-u0S5afUHfCD6n3SearLPCa9K_qgTV8nltflcP8OCrWyrQdBAHEGqAdG8sbKljn5PlHI0AW6IVkPhGAT0sAWHApQzhJc50B9vuJkN-U:1qtw5b:3ezOnOekKezX4CBeHc9OW0YJz-ad0wVG3HUaHudkBhg	2023-11-03 20:27:23.683988+00
uckf7a21buallg2xnn6k6utn8ypink3s	.eJxVjMEOwiAQRP-FsyGFAtv16N1vIAu7StXQpLQn47_bJj3obTLvzbxVpHUpcW0yx5HVWRl1-u0S5afUHfCD6n3SearLPCa9K_qgTV8nltflcP8OCrWyrQdBAHEGqAdG8sbKljn5PlHI0AW6IVkPhGAT0sAWHApQzhJc50B9vuJkN-U:1qtw5d:OMik0KSqt2fKo5yb-zt2QZpGxXdkAUbtlve3B5J4h6o	2023-11-03 20:27:25.573893+00
gbc19tyk9swquqtrwn8v01rtghimn4ig	.eJxVjMEOwiAQRP-FsyGFAtv16N1vIAu7StXQpLQn47_bJj3obTLvzbxVpHUpcW0yx5HVWRl1-u0S5afUHfCD6n3SearLPCa9K_qgTV8nltflcP8OCrWyrQdBAHEGqAdG8sbKljn5PlHI0AW6IVkPhGAT0sAWHApQzhJc50B9vuJkN-U:1qtw5k:_Wq62dhY7d2LnzsFM_otJU4cjdZAtF4VPuPq3xkuIVY	2023-11-03 20:27:32.991251+00
8lqg1fh5y6787f8dlvofrlokyz7hnxgu	.eJxVjMEOwiAQRP-FsyGFAtv16N1vIAu7StXQpLQn47_bJj3obTLvzbxVpHUpcW0yx5HVWRl1-u0S5afUHfCD6n3SearLPCa9K_qgTV8nltflcP8OCrWyrQdBAHEGqAdG8sbKljn5PlHI0AW6IVkPhGAT0sAWHApQzhJc50B9vuJkN-U:1r2yZZ:zobyibI4gRpjYJixWT8o4Uu72Rs1hkLZ7wroL6yI1tc	2023-11-28 18:55:41.698325+00
knsicwuanev7pas9yl6b7po0ha1n925v	.eJxVjMEOwiAQRP-FsyGFAtv16N1vIAu7StXQpLQn47_bJj3obTLvzbxVpHUpcW0yx5HVWRl1-u0S5afUHfCD6n3SearLPCa9K_qgTV8nltflcP8OCrWyrQdBAHEGqAdG8sbKljn5PlHI0AW6IVkPhGAT0sAWHApQzhJc50B9vuJkN-U:1qtw5m:ekJbMglMfWgzzZCC1Q6Q_7xwkCgul00o5g2qF7REbW4	2023-11-03 20:27:34.876841+00
uoj2460msmlq6otxwa62t0pu8d2jpk4g	.eJxVjMEOwiAQRP-FsyGFAtv16N1vIAu7StXQpLQn47_bJj3obTLvzbxVpHUpcW0yx5HVWRl1-u0S5afUHfCD6n3SearLPCa9K_qgTV8nltflcP8OCrWyrQdBAHEGqAdG8sbKljn5PlHI0AW6IVkPhGAT0sAWHApQzhJc50B9vuJkN-U:1qtw5n:fsA0rB6nH7VMDBJpnaM1q_gNP5Py-Ylj_wE3aW9aYJ0	2023-11-03 20:27:35.431751+00
ijqgrwl5zkkl0zm5tvql5tkgv2frfzs6	.eJxVjMEOwiAQRP-FsyGFAtv16N1vIAu7StXQpLQn47_bJj3obTLvzbxVpHUpcW0yx5HVWRl1-u0S5afUHfCD6n3SearLPCa9K_qgTV8nltflcP8OCrWyrQdBAHEGqAdG8sbKljn5PlHI0AW6IVkPhGAT0sAWHApQzhJc50B9vuJkN-U:1qtw6O:dA8mzuzRVjkTc6Pb0fk5qGww3pJ6yLuazBgl_vmEhCM	2023-11-03 20:28:12.786832+00
s8irqnyjm7h493nxr5xl0kkzpqgd7fcy	.eJxVjMEOwiAQRP-FsyGFAtv16N1vIAu7StXQpLQn47_bJj3obTLvzbxVpHUpcW0yx5HVWRl1-u0S5afUHfCD6n3SearLPCa9K_qgTV8nltflcP8OCrWyrQdBAHEGqAdG8sbKljn5PlHI0AW6IVkPhGAT0sAWHApQzhJc50B9vuJkN-U:1qtw6Q:h9wYC620v7D6FSrgbZgE6Re-249jr-Ydu2cGjDzjf4Y	2023-11-03 20:28:14.409827+00
c1fb91136qeo3tpfw2hrsgdwlmawoipb	.eJxVjMEOwiAQRP-FsyGFAtv16N1vIAu7StXQpLQn47_bJj3obTLvzbxVpHUpcW0yx5HVWRl1-u0S5afUHfCD6n3SearLPCa9K_qgTV8nltflcP8OCrWyrQdBAHEGqAdG8sbKljn5PlHI0AW6IVkPhGAT0sAWHApQzhJc50B9vuJkN-U:1qtwSo:ARKTj9V66FMHo3kUXQGMvcARyiAH1uktE8grDrDujM8	2023-11-03 20:51:22.788471+00
uvuc9h8fy2qc59kzece8hoauzkeh0qah	.eJxVjMEOwiAQRP-FsyGFAtv16N1vIAu7StXQpLQn47_bJj3obTLvzbxVpHUpcW0yx5HVWRl1-u0S5afUHfCD6n3SearLPCa9K_qgTV8nltflcP8OCrWyrQdBAHEGqAdG8sbKljn5PlHI0AW6IVkPhGAT0sAWHApQzhJc50B9vuJkN-U:1r0lpv:c9OPYzIxVdx9K3DWL9e5lpSRRuWmkHE-JnutobDNK2M	2023-11-22 16:55:27.197826+00
o4q39zd7vs9mzju0o5xmuztp1vqfuefk	.eJxVjMEOwiAQRP-FsyGFAtv16N1vIAu7StXQpLQn47_bJj3obTLvzbxVpHUpcW0yx5HVWRl1-u0S5afUHfCD6n3SearLPCa9K_qgTV8nltflcP8OCrWyrQdBAHEGqAdG8sbKljn5PlHI0AW6IVkPhGAT0sAWHApQzhJc50B9vuJkN-U:1r0lqE:D8EnXHCLDHzptOhEZ_ITdhLQe5R0oZHc8aieiQqvWt4	2023-11-22 16:55:46.404204+00
cvj42oliedi2xnwtnorkandk8ddbh43i	.eJxVjMEOwiAQRP-FsyGFAtv16N1vIAu7StXQpLQn47_bJj3obTLvzbxVpHUpcW0yx5HVWRl1-u0S5afUHfCD6n3SearLPCa9K_qgTV8nltflcP8OCrWyrQdBAHEGqAdG8sbKljn5PlHI0AW6IVkPhGAT0sAWHApQzhJc50B9vuJkN-U:1r0lqG:qJTdF9sILdSKWWaaEMFLCMQecV3MLcrZvKHlJvHbYB4	2023-11-22 16:55:48.535271+00
0riv2qelf68cf1y6oot8vplklfwsrz4r	.eJxVjMEOwiAQRP-FsyGFAtv16N1vIAu7StXQpLQn47_bJj3obTLvzbxVpHUpcW0yx5HVWRl1-u0S5afUHfCD6n3SearLPCa9K_qgTV8nltflcP8OCrWyrQdBAHEGqAdG8sbKljn5PlHI0AW6IVkPhGAT0sAWHApQzhJc50B9vuJkN-U:1r0lqH:qJnA2bEUckwZ2Mr-_YMBqxO3ZMaOlsHVZpXK0V-Md-Y	2023-11-22 16:55:49.01125+00
hpn9xoa4bm8i552hk1wfw6mirp002fwm	.eJxVjMEOwiAQRP-FsyGFAtv16N1vIAu7StXQpLQn47_bJj3obTLvzbxVpHUpcW0yx5HVWRl1-u0S5afUHfCD6n3SearLPCa9K_qgTV8nltflcP8OCrWyrQdBAHEGqAdG8sbKljn5PlHI0AW6IVkPhGAT0sAWHApQzhJc50B9vuJkN-U:1r0lqU:c29CDYAreZTzHbnDsoulmFXtBaKyALPmekE81ORheYQ	2023-11-22 16:56:02.647769+00
r6lq4vuu262h4s2067g516jremodvufj	.eJxVjMEOwiAQRP-FsyGFAtv16N1vIAu7StXQpLQn47_bJj3obTLvzbxVpHUpcW0yx5HVWRl1-u0S5afUHfCD6n3SearLPCa9K_qgTV8nltflcP8OCrWyrQdBAHEGqAdG8sbKljn5PlHI0AW6IVkPhGAT0sAWHApQzhJc50B9vuJkN-U:1r0m4L:uGD7vOhKsMUijgqH5fHdpkcnr5p72uoM8tAYuKK6VR4	2023-11-22 17:10:21.391544+00
bnlqawbuu6js7h5euly3bfol33deimpz	.eJxVjMEOwiAQRP-FsyGFAtv16N1vIAu7StXQpLQn47_bJj3obTLvzbxVpHUpcW0yx5HVWRl1-u0S5afUHfCD6n3SearLPCa9K_qgTV8nltflcP8OCrWyrQdBAHEGqAdG8sbKljn5PlHI0AW6IVkPhGAT0sAWHApQzhJc50B9vuJkN-U:1r0nBz:EJuMq6AnepJi5Wd2bdGAHuXm_GggPU1ovG6ZNcmq0BY	2023-11-22 18:22:19.791486+00
nzm638vg60qbli9beuehsnl4kmu0b2i6	.eJxVjMEOwiAQRP-FsyGFAtv16N1vIAu7StXQpLQn47_bJj3obTLvzbxVpHUpcW0yx5HVWRl1-u0S5afUHfCD6n3SearLPCa9K_qgTV8nltflcP8OCrWyrQdBAHEGqAdG8sbKljn5PlHI0AW6IVkPhGAT0sAWHApQzhJc50B9vuJkN-U:1r0nCB:P7Joqemp4te0EpsRqI9U7vuGBEdk9raHWJSNXKeo7r8	2023-11-22 18:22:31.822547+00
ip5sl7h6zuqnj6f782unz5bla1f1jnvw	.eJxVjMEOwiAQRP-FsyGFAtv16N1vIAu7StXQpLQn47_bJj3obTLvzbxVpHUpcW0yx5HVWRl1-u0S5afUHfCD6n3SearLPCa9K_qgTV8nltflcP8OCrWyrQdBAHEGqAdG8sbKljn5PlHI0AW6IVkPhGAT0sAWHApQzhJc50B9vuJkN-U:1r0nCD:fN4xPo_ZZEVt74IOOYjExGAYGX7cMP766_iIDKVHNEU	2023-11-22 18:22:33.16749+00
d67utdhbnm5e95znkholimjtaur8dv4k	.eJxVjMEOwiAQRP-FsyGFAtv16N1vIAu7StXQpLQn47_bJj3obTLvzbxVpHUpcW0yx5HVWRl1-u0S5afUHfCD6n3SearLPCa9K_qgTV8nltflcP8OCrWyrQdBAHEGqAdG8sbKljn5PlHI0AW6IVkPhGAT0sAWHApQzhJc50B9vuJkN-U:1r0nCE:ujGhO5WBxboe-zFHDIvo-wFaas3-bROAMLyiqb5o_Uc	2023-11-22 18:22:34.098456+00
m43xikn1pj325tcz5snbismb4bluik71	.eJxVjMEOwiAQRP-FsyGFAtv16N1vIAu7StXQpLQn47_bJj3obTLvzbxVpHUpcW0yx5HVWRl1-u0S5afUHfCD6n3SearLPCa9K_qgTV8nltflcP8OCrWyrQdBAHEGqAdG8sbKljn5PlHI0AW6IVkPhGAT0sAWHApQzhJc50B9vuJkN-U:1r0nJQ:7dkKB3mps7ftCbfoHrQnv_Uh_iG6pxi_F2_hnmFcvjo	2023-11-22 18:30:00.340074+00
2cdc8xvwiai6d4v2feet3ft924yo7pj4	.eJxVjMEOwiAQRP-FsyGFAtv16N1vIAu7StXQpLQn47_bJj3obTLvzbxVpHUpcW0yx5HVWRl1-u0S5afUHfCD6n3SearLPCa9K_qgTV8nltflcP8OCrWyrQdBAHEGqAdG8sbKljn5PlHI0AW6IVkPhGAT0sAWHApQzhJc50B9vuJkN-U:1r0nPB:v9sjkfUKQ4J8UbH1CfvwkQmiXFOKGmF_foUQhLXLmxc	2023-11-22 18:35:57.145461+00
maeu9gcx9o3olx38yg2i4fo3l2v9s8u8	.eJxVjMEOwiAQRP-FsyGFAtv16N1vIAu7StXQpLQn47_bJj3obTLvzbxVpHUpcW0yx5HVWRl1-u0S5afUHfCD6n3SearLPCa9K_qgTV8nltflcP8OCrWyrQdBAHEGqAdG8sbKljn5PlHI0AW6IVkPhGAT0sAWHApQzhJc50B9vuJkN-U:1r0nPw:oR1kFGBknP0VPeO6U-CQNSZNJFgcY5yQX2OBXANDGJA	2023-11-22 18:36:44.338351+00
tg8137kut26ygjatjw1ouekfq1lgikl3	.eJxVjMEOwiAQRP-FsyGFAtv16N1vIAu7StXQpLQn47_bJj3obTLvzbxVpHUpcW0yx5HVWRl1-u0S5afUHfCD6n3SearLPCa9K_qgTV8nltflcP8OCrWyrQdBAHEGqAdG8sbKljn5PlHI0AW6IVkPhGAT0sAWHApQzhJc50B9vuJkN-U:1r2xE3:IlKCPAcYcyh-rdGq6kB-UmRBJz5mSa5KQnkzm9iRbf4	2023-11-28 17:29:23.526354+00
r1mri6b9flz6q0w2f99jelctujq82r3a	.eJxVjMEOwiAQRP-FsyGFAtv16N1vIAu7StXQpLQn47_bJj3obTLvzbxVpHUpcW0yx5HVWRl1-u0S5afUHfCD6n3SearLPCa9K_qgTV8nltflcP8OCrWyrQdBAHEGqAdG8sbKljn5PlHI0AW6IVkPhGAT0sAWHApQzhJc50B9vuJkN-U:1r2yD6:qB5kpYqdNgIPEaepDgdJe2UQ-p5RXAxPFwX8pEfOqdQ	2023-11-28 18:32:28.543862+00
x7p9coxjeyfj4i9hdddi4b1y62zimzlt	.eJxVjMEOwiAQRP-FsyGFAtv16N1vIAu7StXQpLQn47_bJj3obTLvzbxVpHUpcW0yx5HVWRl1-u0S5afUHfCD6n3SearLPCa9K_qgTV8nltflcP8OCrWyrQdBAHEGqAdG8sbKljn5PlHI0AW6IVkPhGAT0sAWHApQzhJc50B9vuJkN-U:1r2yTl:pfC1xFpLUlaRVhw1ObrrXc2AJC0hZjdqWlgBOjgXdCg	2023-11-28 18:49:41.452771+00
ct6mz0fsjr32tolwcvd8pauxbvzx7lce	.eJxVjMEOwiAQRP-FsyGFAtv16N1vIAu7StXQpLQn47_bJj3obTLvzbxVpHUpcW0yx5HVWRl1-u0S5afUHfCD6n3SearLPCa9K_qgTV8nltflcP8OCrWyrQdBAHEGqAdG8sbKljn5PlHI0AW6IVkPhGAT0sAWHApQzhJc50B9vuJkN-U:1r2yW4:CaZTK91rOqYFb_7KoF4Cg2WCQIUOhLaAGK1_GPl4Coo	2023-11-28 18:52:04.756709+00
pc813sxup7x9pdqwsquowkpvopynk2ve	.eJxVjMEOwiAQRP-FsyGFAtv16N1vIAu7StXQpLQn47_bJj3obTLvzbxVpHUpcW0yx5HVWRl1-u0S5afUHfCD6n3SearLPCa9K_qgTV8nltflcP8OCrWyrQdBAHEGqAdG8sbKljn5PlHI0AW6IVkPhGAT0sAWHApQzhJc50B9vuJkN-U:1r2yWR:IdfOJzJewgcDtcgHW6Om7YVblMoOz6on6M11uCVF73A	2023-11-28 18:52:27.98395+00
5m3a5krs6g6sqvkxg5krxha1u4ebth83	.eJxVjMEOwiAQRP-FsyGFAtv16N1vIAu7StXQpLQn47_bJj3obTLvzbxVpHUpcW0yx5HVWRl1-u0S5afUHfCD6n3SearLPCa9K_qgTV8nltflcP8OCrWyrQdBAHEGqAdG8sbKljn5PlHI0AW6IVkPhGAT0sAWHApQzhJc50B9vuJkN-U:1r2yWS:OszfHLMe4isZvVuan4bkZeX-fGygCNPIFRydEGnwZAA	2023-11-28 18:52:28.786685+00
wfkk33dm35v74bq6apubdmaxfk1ac81d	.eJxVjMEOwiAQRP-FsyGFAtv16N1vIAu7StXQpLQn47_bJj3obTLvzbxVpHUpcW0yx5HVWRl1-u0S5afUHfCD6n3SearLPCa9K_qgTV8nltflcP8OCrWyrQdBAHEGqAdG8sbKljn5PlHI0AW6IVkPhGAT0sAWHApQzhJc50B9vuJkN-U:1r2yWT:c7CmZfwFi-cjaABuhlM6kgrORX7Ceh8GE5PDnX2iFHs	2023-11-28 18:52:29.325391+00
wgn4ijcps05575hqxjgmsjqltz984pgg	.eJxVjMEOwiAQRP-FsyGFAtv16N1vIAu7StXQpLQn47_bJj3obTLvzbxVpHUpcW0yx5HVWRl1-u0S5afUHfCD6n3SearLPCa9K_qgTV8nltflcP8OCrWyrQdBAHEGqAdG8sbKljn5PlHI0AW6IVkPhGAT0sAWHApQzhJc50B9vuJkN-U:1r2yWT:c7CmZfwFi-cjaABuhlM6kgrORX7Ceh8GE5PDnX2iFHs	2023-11-28 18:52:29.623986+00
8h3m0nfthixaoryxxgj83qgj75kjwhth	.eJxVjMEOwiAQRP-FsyGFAtv16N1vIAu7StXQpLQn47_bJj3obTLvzbxVpHUpcW0yx5HVWRl1-u0S5afUHfCD6n3SearLPCa9K_qgTV8nltflcP8OCrWyrQdBAHEGqAdG8sbKljn5PlHI0AW6IVkPhGAT0sAWHApQzhJc50B9vuJkN-U:1r2yWT:c7CmZfwFi-cjaABuhlM6kgrORX7Ceh8GE5PDnX2iFHs	2023-11-28 18:52:29.826525+00
jib52xk63hmqxn1ksu6su6tehmlb0uwl	.eJxVjMEOwiAQRP-FsyGFAtv16N1vIAu7StXQpLQn47_bJj3obTLvzbxVpHUpcW0yx5HVWRl1-u0S5afUHfCD6n3SearLPCa9K_qgTV8nltflcP8OCrWyrQdBAHEGqAdG8sbKljn5PlHI0AW6IVkPhGAT0sAWHApQzhJc50B9vuJkN-U:1r2yWT:c7CmZfwFi-cjaABuhlM6kgrORX7Ceh8GE5PDnX2iFHs	2023-11-28 18:52:29.918106+00
i3q6o43x1yzls5pc0pj235tx13tj1a60	.eJxVjMEOwiAQRP-FsyGFAtv16N1vIAu7StXQpLQn47_bJj3obTLvzbxVpHUpcW0yx5HVWRl1-u0S5afUHfCD6n3SearLPCa9K_qgTV8nltflcP8OCrWyrQdBAHEGqAdG8sbKljn5PlHI0AW6IVkPhGAT0sAWHApQzhJc50B9vuJkN-U:1r2yWU:DGism9ssfoB1vE-Z8F4darBsiOBHWNJPRpN3nY8zzqM	2023-11-28 18:52:30.086424+00
g5vkmohoxbylgwamrfft24w4rkt2xlw7	.eJxVjMEOwiAQRP-FsyGFAtv16N1vIAu7StXQpLQn47_bJj3obTLvzbxVpHUpcW0yx5HVWRl1-u0S5afUHfCD6n3SearLPCa9K_qgTV8nltflcP8OCrWyrQdBAHEGqAdG8sbKljn5PlHI0AW6IVkPhGAT0sAWHApQzhJc50B9vuJkN-U:1r2yWU:DGism9ssfoB1vE-Z8F4darBsiOBHWNJPRpN3nY8zzqM	2023-11-28 18:52:30.275032+00
b26le5ycisvqnie05h5e98k3utn8tmgo	.eJxVjMEOwiAQRP-FsyGFAtv16N1vIAu7StXQpLQn47_bJj3obTLvzbxVpHUpcW0yx5HVWRl1-u0S5afUHfCD6n3SearLPCa9K_qgTV8nltflcP8OCrWyrQdBAHEGqAdG8sbKljn5PlHI0AW6IVkPhGAT0sAWHApQzhJc50B9vuJkN-U:1r2yWU:DGism9ssfoB1vE-Z8F4darBsiOBHWNJPRpN3nY8zzqM	2023-11-28 18:52:30.365345+00
fqv4aqvcjabkz8wd3fyyr8xxee4xn89d	.eJxVjMEOwiAQRP-FsyGFAtv16N1vIAu7StXQpLQn47_bJj3obTLvzbxVpHUpcW0yx5HVWRl1-u0S5afUHfCD6n3SearLPCa9K_qgTV8nltflcP8OCrWyrQdBAHEGqAdG8sbKljn5PlHI0AW6IVkPhGAT0sAWHApQzhJc50B9vuJkN-U:1r2yWU:DGism9ssfoB1vE-Z8F4darBsiOBHWNJPRpN3nY8zzqM	2023-11-28 18:52:30.526183+00
a3mzntglstqjz4r79txuwnu8qy7ocs6h	.eJxVjMEOwiAQRP-FsyGFAtv16N1vIAu7StXQpLQn47_bJj3obTLvzbxVpHUpcW0yx5HVWRl1-u0S5afUHfCD6n3SearLPCa9K_qgTV8nltflcP8OCrWyrQdBAHEGqAdG8sbKljn5PlHI0AW6IVkPhGAT0sAWHApQzhJc50B9vuJkN-U:1r2yWU:DGism9ssfoB1vE-Z8F4darBsiOBHWNJPRpN3nY8zzqM	2023-11-28 18:52:30.839478+00
h6bdylakuymlpd8dd9ozhv0prur8c988	.eJxVjMEOwiAQRP-FsyGFAtv16N1vIAu7StXQpLQn47_bJj3obTLvzbxVpHUpcW0yx5HVWRl1-u0S5afUHfCD6n3SearLPCa9K_qgTV8nltflcP8OCrWyrQdBAHEGqAdG8sbKljn5PlHI0AW6IVkPhGAT0sAWHApQzhJc50B9vuJkN-U:1r2yWV:M6wNCT106TNdIdnKYaAFPggg2hSC6Pqie-VfEUEMrPU	2023-11-28 18:52:31.0154+00
36mqp1jbyeymylf9dthhbp5tfrna87zf	.eJxVjMEOwiAQRP-FsyGFAtv16N1vIAu7StXQpLQn47_bJj3obTLvzbxVpHUpcW0yx5HVWRl1-u0S5afUHfCD6n3SearLPCa9K_qgTV8nltflcP8OCrWyrQdBAHEGqAdG8sbKljn5PlHI0AW6IVkPhGAT0sAWHApQzhJc50B9vuJkN-U:1r2yWV:M6wNCT106TNdIdnKYaAFPggg2hSC6Pqie-VfEUEMrPU	2023-11-28 18:52:31.106444+00
6z6f6f7nka3c9g3euubcgy38y98k9s6f	.eJxVjMEOwiAQRP-FsyGFAtv16N1vIAu7StXQpLQn47_bJj3obTLvzbxVpHUpcW0yx5HVWRl1-u0S5afUHfCD6n3SearLPCa9K_qgTV8nltflcP8OCrWyrQdBAHEGqAdG8sbKljn5PlHI0AW6IVkPhGAT0sAWHApQzhJc50B9vuJkN-U:1r2yWV:M6wNCT106TNdIdnKYaAFPggg2hSC6Pqie-VfEUEMrPU	2023-11-28 18:52:31.305173+00
p81hrrx14th1q65hletxk1f9zzdvtkn8	.eJxVjMEOwiAQRP-FsyGFAtv16N1vIAu7StXQpLQn47_bJj3obTLvzbxVpHUpcW0yx5HVWRl1-u0S5afUHfCD6n3SearLPCa9K_qgTV8nltflcP8OCrWyrQdBAHEGqAdG8sbKljn5PlHI0AW6IVkPhGAT0sAWHApQzhJc50B9vuJkN-U:1r2yWV:M6wNCT106TNdIdnKYaAFPggg2hSC6Pqie-VfEUEMrPU	2023-11-28 18:52:31.41499+00
5aictxpn5v9pszkuid1azlj6n1jmasd1	.eJxVjMEOwiAQRP-FsyGFAtv16N1vIAu7StXQpLQn47_bJj3obTLvzbxVpHUpcW0yx5HVWRl1-u0S5afUHfCD6n3SearLPCa9K_qgTV8nltflcP8OCrWyrQdBAHEGqAdG8sbKljn5PlHI0AW6IVkPhGAT0sAWHApQzhJc50B9vuJkN-U:1r2yWV:M6wNCT106TNdIdnKYaAFPggg2hSC6Pqie-VfEUEMrPU	2023-11-28 18:52:31.707303+00
0eatmstpd2h951h7803d12862wyk1p3u	.eJxVjMEOwiAQRP-FsyGFAtv16N1vIAu7StXQpLQn47_bJj3obTLvzbxVpHUpcW0yx5HVWRl1-u0S5afUHfCD6n3SearLPCa9K_qgTV8nltflcP8OCrWyrQdBAHEGqAdG8sbKljn5PlHI0AW6IVkPhGAT0sAWHApQzhJc50B9vuJkN-U:1r2yWV:M6wNCT106TNdIdnKYaAFPggg2hSC6Pqie-VfEUEMrPU	2023-11-28 18:52:31.959449+00
msfa2l7hrslbvkwmmwelx11o145q21ob	.eJxVjMEOwiAQRP-FsyGFAtv16N1vIAu7StXQpLQn47_bJj3obTLvzbxVpHUpcW0yx5HVWRl1-u0S5afUHfCD6n3SearLPCa9K_qgTV8nltflcP8OCrWyrQdBAHEGqAdG8sbKljn5PlHI0AW6IVkPhGAT0sAWHApQzhJc50B9vuJkN-U:1r2yWW:9GrZvJh1d1M3xye7JSuy8tzoZvo1kaav7eFwHmgbIHo	2023-11-28 18:52:32.058404+00
cw739zmpoz8ro102lckgcc6t2srlo36m	.eJxVjMEOwiAQRP-FsyGFAtv16N1vIAu7StXQpLQn47_bJj3obTLvzbxVpHUpcW0yx5HVWRl1-u0S5afUHfCD6n3SearLPCa9K_qgTV8nltflcP8OCrWyrQdBAHEGqAdG8sbKljn5PlHI0AW6IVkPhGAT0sAWHApQzhJc50B9vuJkN-U:1r2yWW:9GrZvJh1d1M3xye7JSuy8tzoZvo1kaav7eFwHmgbIHo	2023-11-28 18:52:32.377888+00
cza9tueqm77uhxpm61kylsi1dxm2mckf	.eJxVjMEOwiAQRP-FsyGFAtv16N1vIAu7StXQpLQn47_bJj3obTLvzbxVpHUpcW0yx5HVWRl1-u0S5afUHfCD6n3SearLPCa9K_qgTV8nltflcP8OCrWyrQdBAHEGqAdG8sbKljn5PlHI0AW6IVkPhGAT0sAWHApQzhJc50B9vuJkN-U:1r2yWW:9GrZvJh1d1M3xye7JSuy8tzoZvo1kaav7eFwHmgbIHo	2023-11-28 18:52:32.566352+00
btc8nwes5wq91nnrkltj4ll9aknwm927	.eJxVjMEOwiAQRP-FsyGFAtv16N1vIAu7StXQpLQn47_bJj3obTLvzbxVpHUpcW0yx5HVWRl1-u0S5afUHfCD6n3SearLPCa9K_qgTV8nltflcP8OCrWyrQdBAHEGqAdG8sbKljn5PlHI0AW6IVkPhGAT0sAWHApQzhJc50B9vuJkN-U:1r2yWW:9GrZvJh1d1M3xye7JSuy8tzoZvo1kaav7eFwHmgbIHo	2023-11-28 18:52:32.636461+00
8u49ikp7ia01gcnxk605y4ug0kejcdl7	.eJxVjMEOwiAQRP-FsyGFAtv16N1vIAu7StXQpLQn47_bJj3obTLvzbxVpHUpcW0yx5HVWRl1-u0S5afUHfCD6n3SearLPCa9K_qgTV8nltflcP8OCrWyrQdBAHEGqAdG8sbKljn5PlHI0AW6IVkPhGAT0sAWHApQzhJc50B9vuJkN-U:1r2yWW:9GrZvJh1d1M3xye7JSuy8tzoZvo1kaav7eFwHmgbIHo	2023-11-28 18:52:32.825139+00
opzikcumxlg9b0fcb3xv64vp29u0mv1t	.eJxVjMEOwiAQRP-FsyGFAtv16N1vIAu7StXQpLQn47_bJj3obTLvzbxVpHUpcW0yx5HVWRl1-u0S5afUHfCD6n3SearLPCa9K_qgTV8nltflcP8OCrWyrQdBAHEGqAdG8sbKljn5PlHI0AW6IVkPhGAT0sAWHApQzhJc50B9vuJkN-U:1r2yWW:9GrZvJh1d1M3xye7JSuy8tzoZvo1kaav7eFwHmgbIHo	2023-11-28 18:52:32.911788+00
eso2ph6y7hyw79t7ndhzupt922v5dt96	.eJxVjMEOwiAQRP-FsyGFAtv16N1vIAu7StXQpLQn47_bJj3obTLvzbxVpHUpcW0yx5HVWRl1-u0S5afUHfCD6n3SearLPCa9K_qgTV8nltflcP8OCrWyrQdBAHEGqAdG8sbKljn5PlHI0AW6IVkPhGAT0sAWHApQzhJc50B9vuJkN-U:1r2yWX:JMssLFj4qVwCTZHUk_fPtm9q48trvUaPcayDSF9_lW4	2023-11-28 18:52:33.097701+00
0c028oj9ddh1ckrqugwr6l1h6p4skj2k	.eJxVjMEOwiAQRP-FsyGFAtv16N1vIAu7StXQpLQn47_bJj3obTLvzbxVpHUpcW0yx5HVWRl1-u0S5afUHfCD6n3SearLPCa9K_qgTV8nltflcP8OCrWyrQdBAHEGqAdG8sbKljn5PlHI0AW6IVkPhGAT0sAWHApQzhJc50B9vuJkN-U:1r2yWX:JMssLFj4qVwCTZHUk_fPtm9q48trvUaPcayDSF9_lW4	2023-11-28 18:52:33.21677+00
n7kl9979pk5uxprl8xcxlusyix4e432z	.eJxVjMEOwiAQRP-FsyGFAtv16N1vIAu7StXQpLQn47_bJj3obTLvzbxVpHUpcW0yx5HVWRl1-u0S5afUHfCD6n3SearLPCa9K_qgTV8nltflcP8OCrWyrQdBAHEGqAdG8sbKljn5PlHI0AW6IVkPhGAT0sAWHApQzhJc50B9vuJkN-U:1r2yWz:5YubDmqcBoz-2CiwDarrwEk4J71-LAUPgPsfwOAaeiA	2023-11-28 18:53:01.936223+00
50f4j8ly5ukpm3d2p58zmq5zlnnneqn2	.eJxVjMEOwiAQRP-FsyGFAtv16N1vIAu7StXQpLQn47_bJj3obTLvzbxVpHUpcW0yx5HVWRl1-u0S5afUHfCD6n3SearLPCa9K_qgTV8nltflcP8OCrWyrQdBAHEGqAdG8sbKljn5PlHI0AW6IVkPhGAT0sAWHApQzhJc50B9vuJkN-U:1r2yX1:gSuuLfL9VA-ww8Sx1zGI4W0cHBAmswDr9dkxBzvBr-U	2023-11-28 18:53:03.117699+00
gyi3dsj3sutgs45vn1bl2vhbts8fhkh6	.eJxVjMEOwiAQRP-FsyGFAtv16N1vIAu7StXQpLQn47_bJj3obTLvzbxVpHUpcW0yx5HVWRl1-u0S5afUHfCD6n3SearLPCa9K_qgTV8nltflcP8OCrWyrQdBAHEGqAdG8sbKljn5PlHI0AW6IVkPhGAT0sAWHApQzhJc50B9vuJkN-U:1r2yZa:g0ZozNC0Q7tgJOEE232erZDGtGxSCXU_1fExKoWvrf0	2023-11-28 18:55:42.9778+00
myy5u70ex3u616x7bdr7kys5ajc1w0le	.eJxVjMEOwiAQRP-FsyGFAtv16N1vIAu7StXQpLQn47_bJj3obTLvzbxVpHUpcW0yx5HVWRl1-u0S5afUHfCD6n3SearLPCa9K_qgTV8nltflcP8OCrWyrQdBAHEGqAdG8sbKljn5PlHI0AW6IVkPhGAT0sAWHApQzhJc50B9vuJkN-U:1r2yX1:gSuuLfL9VA-ww8Sx1zGI4W0cHBAmswDr9dkxBzvBr-U	2023-11-28 18:53:03.731449+00
xf7bb6487a8f5rjvutdjkth4wcj9j4ke	.eJxVjMEOwiAQRP-FsyGFAtv16N1vIAu7StXQpLQn47_bJj3obTLvzbxVpHUpcW0yx5HVWRl1-u0S5afUHfCD6n3SearLPCa9K_qgTV8nltflcP8OCrWyrQdBAHEGqAdG8sbKljn5PlHI0AW6IVkPhGAT0sAWHApQzhJc50B9vuJkN-U:1r2yZb:PluOYwflAzsMsRhIkjMvEOjppfrciJ1uZdrziM3_VHU	2023-11-28 18:55:43.751637+00
ubdskp75idlubfm756f868kma6h13hta	.eJxVjMEOwiAQRP-FsyGFAtv16N1vIAu7StXQpLQn47_bJj3obTLvzbxVpHUpcW0yx5HVWRl1-u0S5afUHfCD6n3SearLPCa9K_qgTV8nltflcP8OCrWyrQdBAHEGqAdG8sbKljn5PlHI0AW6IVkPhGAT0sAWHApQzhJc50B9vuJkN-U:1r2yXL:VJbqDpoi8psXECzE9pBuYO0Q1SIl5ky8kVTVYZKMFZ0	2023-11-28 18:53:23.208165+00
4d2r2a3p61cfmle6akq4gkk6emv9t860	.eJxVjMEOwiAQRP-FsyGFAtv16N1vIAu7StXQpLQn47_bJj3obTLvzbxVpHUpcW0yx5HVWRl1-u0S5afUHfCD6n3SearLPCa9K_qgTV8nltflcP8OCrWyrQdBAHEGqAdG8sbKljn5PlHI0AW6IVkPhGAT0sAWHApQzhJc50B9vuJkN-U:1r2yZe:ezDCKAj6j_c63f4p7d5RabOkvSxXgboas--m3vp4euU	2023-11-28 18:55:46.261196+00
ea28gjh4raqhrhnlzqyjnruzn2hy3awp	.eJxVjMEOwiAQRP-FsyGFAtv16N1vIAu7StXQpLQn47_bJj3obTLvzbxVpHUpcW0yx5HVWRl1-u0S5afUHfCD6n3SearLPCa9K_qgTV8nltflcP8OCrWyrQdBAHEGqAdG8sbKljn5PlHI0AW6IVkPhGAT0sAWHApQzhJc50B9vuJkN-U:1r2yXO:Ve8i17gU7yAsAuwLvTq7s8x1NNj8_A_rENHXM-30Lk8	2023-11-28 18:53:26.078413+00
1ctoxwt0f6nf8i85fbbqt1sbmh8vutd6	.eJxVjMEOwiAQRP-FsyGFAtv16N1vIAu7StXQpLQn47_bJj3obTLvzbxVpHUpcW0yx5HVWRl1-u0S5afUHfCD6n3SearLPCa9K_qgTV8nltflcP8OCrWyrQdBAHEGqAdG8sbKljn5PlHI0AW6IVkPhGAT0sAWHApQzhJc50B9vuJkN-U:1r2yZe:ezDCKAj6j_c63f4p7d5RabOkvSxXgboas--m3vp4euU	2023-11-28 18:55:46.859828+00
4d90f3vo9zj9ufha4safkpxtnt0nfwc5	.eJxVjMEOwiAQRP-FsyGFAtv16N1vIAu7StXQpLQn47_bJj3obTLvzbxVpHUpcW0yx5HVWRl1-u0S5afUHfCD6n3SearLPCa9K_qgTV8nltflcP8OCrWyrQdBAHEGqAdG8sbKljn5PlHI0AW6IVkPhGAT0sAWHApQzhJc50B9vuJkN-U:1r2yXO:Ve8i17gU7yAsAuwLvTq7s8x1NNj8_A_rENHXM-30Lk8	2023-11-28 18:53:26.768567+00
78ljx8noa7nkr3q59rsfqasfd3zglhy9	.eJxVjMEOwiAQRP-FsyGFAtv16N1vIAu7StXQpLQn47_bJj3obTLvzbxVpHUpcW0yx5HVWRl1-u0S5afUHfCD6n3SearLPCa9K_qgTV8nltflcP8OCrWyrQdBAHEGqAdG8sbKljn5PlHI0AW6IVkPhGAT0sAWHApQzhJc50B9vuJkN-U:1r2yZf:pZodixGHOM1TPCphKQl56QhFJKS46baFL3bcesK9UTw	2023-11-28 18:55:47.308283+00
rt9srfzkrf76q4yypywgapz5eutig8jt	.eJxVjMEOwiAQRP-FsyGFAtv16N1vIAu7StXQpLQn47_bJj3obTLvzbxVpHUpcW0yx5HVWRl1-u0S5afUHfCD6n3SearLPCa9K_qgTV8nltflcP8OCrWyrQdBAHEGqAdG8sbKljn5PlHI0AW6IVkPhGAT0sAWHApQzhJc50B9vuJkN-U:1r2yZf:pZodixGHOM1TPCphKQl56QhFJKS46baFL3bcesK9UTw	2023-11-28 18:55:47.520392+00
zemszksv82lrfs4w2sknbnimtk9qtkmh	.eJxVjMEOwiAQRP-FsyGFAtv16N1vIAu7StXQpLQn47_bJj3obTLvzbxVpHUpcW0yx5HVWRl1-u0S5afUHfCD6n3SearLPCa9K_qgTV8nltflcP8OCrWyrQdBAHEGqAdG8sbKljn5PlHI0AW6IVkPhGAT0sAWHApQzhJc50B9vuJkN-U:1r2yZf:pZodixGHOM1TPCphKQl56QhFJKS46baFL3bcesK9UTw	2023-11-28 18:55:47.803878+00
e1zjuadl4o94582nmhcjyq9ezi0z0xbp	.eJxVjMEOwiAQRP-FsyGFAtv16N1vIAu7StXQpLQn47_bJj3obTLvzbxVpHUpcW0yx5HVWRl1-u0S5afUHfCD6n3SearLPCa9K_qgTV8nltflcP8OCrWyrQdBAHEGqAdG8sbKljn5PlHI0AW6IVkPhGAT0sAWHApQzhJc50B9vuJkN-U:1r2yZf:pZodixGHOM1TPCphKQl56QhFJKS46baFL3bcesK9UTw	2023-11-28 18:55:47.896144+00
1rplmqwrplwj9f2dqjmgp1pvg2fqbs0v	.eJxVjMEOwiAQRP-FsyGFAtv16N1vIAu7StXQpLQn47_bJj3obTLvzbxVpHUpcW0yx5HVWRl1-u0S5afUHfCD6n3SearLPCa9K_qgTV8nltflcP8OCrWyrQdBAHEGqAdG8sbKljn5PlHI0AW6IVkPhGAT0sAWHApQzhJc50B9vuJkN-U:1r2yZg:tcUMFeLvl-IcQoTK4YyM61WpM_h78wjd-6uRqz2Z2VY	2023-11-28 18:55:48.07758+00
n0gga317k66aw2g2cqq1y8g9h9ytjk1g	.eJxVjMEOwiAQRP-FsyGFAtv16N1vIAu7StXQpLQn47_bJj3obTLvzbxVpHUpcW0yx5HVWRl1-u0S5afUHfCD6n3SearLPCa9K_qgTV8nltflcP8OCrWyrQdBAHEGqAdG8sbKljn5PlHI0AW6IVkPhGAT0sAWHApQzhJc50B9vuJkN-U:1r2yZg:tcUMFeLvl-IcQoTK4YyM61WpM_h78wjd-6uRqz2Z2VY	2023-11-28 18:55:48.24695+00
pigjhhtf1hkxej76iulb5vdesxl72lwl	.eJxVjMEOwiAQRP-FsyGFAtv16N1vIAu7StXQpLQn47_bJj3obTLvzbxVpHUpcW0yx5HVWRl1-u0S5afUHfCD6n3SearLPCa9K_qgTV8nltflcP8OCrWyrQdBAHEGqAdG8sbKljn5PlHI0AW6IVkPhGAT0sAWHApQzhJc50B9vuJkN-U:1r2yZh:hw7VUVyuto48UmqD3axKkrVFwzeZnNXQmAohmA6rfcI	2023-11-28 18:55:49.088454+00
a058eud5e70spwemglgeio6vy0kakuln	.eJxVjMEOwiAQRP-FsyGFAtv16N1vIAu7StXQpLQn47_bJj3obTLvzbxVpHUpcW0yx5HVWRl1-u0S5afUHfCD6n3SearLPCa9K_qgTV8nltflcP8OCrWyrQdBAHEGqAdG8sbKljn5PlHI0AW6IVkPhGAT0sAWHApQzhJc50B9vuJkN-U:1r2yZh:hw7VUVyuto48UmqD3axKkrVFwzeZnNXQmAohmA6rfcI	2023-11-28 18:55:49.27692+00
zpe5i8ucafb6zhxtzh6hajjib74ymwe2	.eJxVjMEOwiAQRP-FsyGFAtv16N1vIAu7StXQpLQn47_bJj3obTLvzbxVpHUpcW0yx5HVWRl1-u0S5afUHfCD6n3SearLPCa9K_qgTV8nltflcP8OCrWyrQdBAHEGqAdG8sbKljn5PlHI0AW6IVkPhGAT0sAWHApQzhJc50B9vuJkN-U:1r2yZh:hw7VUVyuto48UmqD3axKkrVFwzeZnNXQmAohmA6rfcI	2023-11-28 18:55:49.537196+00
oyltqjfnt9nlqs6t0l8y9mtqh45nly39	.eJxVjMEOwiAQRP-FsyGFAtv16N1vIAu7StXQpLQn47_bJj3obTLvzbxVpHUpcW0yx5HVWRl1-u0S5afUHfCD6n3SearLPCa9K_qgTV8nltflcP8OCrWyrQdBAHEGqAdG8sbKljn5PlHI0AW6IVkPhGAT0sAWHApQzhJc50B9vuJkN-U:1r2yZi:LqhB0s4QTLsGijq7pL0JKrvZJjK5M9CgpKJRF1ft0A0	2023-11-28 18:55:50.038832+00
jw2ucrfm5nhgjlukdt82c8uy2pweyxae	.eJxVjMEOwiAQRP-FsyGFAtv16N1vIAu7StXQpLQn47_bJj3obTLvzbxVpHUpcW0yx5HVWRl1-u0S5afUHfCD6n3SearLPCa9K_qgTV8nltflcP8OCrWyrQdBAHEGqAdG8sbKljn5PlHI0AW6IVkPhGAT0sAWHApQzhJc50B9vuJkN-U:1r2yZi:LqhB0s4QTLsGijq7pL0JKrvZJjK5M9CgpKJRF1ft0A0	2023-11-28 18:55:50.501138+00
f7vms7u8d7v1eu4kyst8b6k7kfp65etm	.eJxVjMEOwiAQRP-FsyGFAtv16N1vIAu7StXQpLQn47_bJj3obTLvzbxVpHUpcW0yx5HVWRl1-u0S5afUHfCD6n3SearLPCa9K_qgTV8nltflcP8OCrWyrQdBAHEGqAdG8sbKljn5PlHI0AW6IVkPhGAT0sAWHApQzhJc50B9vuJkN-U:1r2yZp:hXQG7LOWFA3cdU5MkOxGYqYIn7tSG9JaUi0zEy33KVQ	2023-11-28 18:55:57.00781+00
epbhznmg5dkwiw4bv9guwig5irxgt4m1	.eJxVjMEOwiAQRP-FsyGFAtv16N1vIAu7StXQpLQn47_bJj3obTLvzbxVpHUpcW0yx5HVWRl1-u0S5afUHfCD6n3SearLPCa9K_qgTV8nltflcP8OCrWyrQdBAHEGqAdG8sbKljn5PlHI0AW6IVkPhGAT0sAWHApQzhJc50B9vuJkN-U:1r2yZp:hXQG7LOWFA3cdU5MkOxGYqYIn7tSG9JaUi0zEy33KVQ	2023-11-28 18:55:57.815081+00
ep6kx3mp7zlhjcpmm45pufwut5ewcmyn	.eJxVjMEOwiAQRP-FsyGFAtv16N1vIAu7StXQpLQn47_bJj3obTLvzbxVpHUpcW0yx5HVWRl1-u0S5afUHfCD6n3SearLPCa9K_qgTV8nltflcP8OCrWyrQdBAHEGqAdG8sbKljn5PlHI0AW6IVkPhGAT0sAWHApQzhJc50B9vuJkN-U:1r2yZq:-W4NEqACD9wvYAfRa84WVum6IBQiI9zQttDAdhN2C0Y	2023-11-28 18:55:58.296757+00
7z57pv88y1scytx6pd3lnnnb2ox8wrfm	.eJxVjMEOwiAQRP-FsyGFAtv16N1vIAu7StXQpLQn47_bJj3obTLvzbxVpHUpcW0yx5HVWRl1-u0S5afUHfCD6n3SearLPCa9K_qgTV8nltflcP8OCrWyrQdBAHEGqAdG8sbKljn5PlHI0AW6IVkPhGAT0sAWHApQzhJc50B9vuJkN-U:1r2yZq:-W4NEqACD9wvYAfRa84WVum6IBQiI9zQttDAdhN2C0Y	2023-11-28 18:55:58.758354+00
agxmyr6cfap2q04sckfukduvpsyi0gus	.eJxVjMEOwiAQRP-FsyGFAtv16N1vIAu7StXQpLQn47_bJj3obTLvzbxVpHUpcW0yx5HVWRl1-u0S5afUHfCD6n3SearLPCa9K_qgTV8nltflcP8OCrWyrQdBAHEGqAdG8sbKljn5PlHI0AW6IVkPhGAT0sAWHApQzhJc50B9vuJkN-U:1r2yZq:-W4NEqACD9wvYAfRa84WVum6IBQiI9zQttDAdhN2C0Y	2023-11-28 18:55:58.936957+00
y9kdc4oqu22q9x3hv82mt459jfc3lsc1	.eJxVjMEOwiAQRP-FsyGFAtv16N1vIAu7StXQpLQn47_bJj3obTLvzbxVpHUpcW0yx5HVWRl1-u0S5afUHfCD6n3SearLPCa9K_qgTV8nltflcP8OCrWyrQdBAHEGqAdG8sbKljn5PlHI0AW6IVkPhGAT0sAWHApQzhJc50B9vuJkN-U:1r2yZr:CfhuPDiVUykCmm63j-Sq21TIDbKlyswaCaXhj9LN-OE	2023-11-28 18:55:59.158239+00
di81sfxae8wjybcn5obqnl3oa1yvvkok	.eJxVjMEOwiAQRP-FsyGFAtv16N1vIAu7StXQpLQn47_bJj3obTLvzbxVpHUpcW0yx5HVWRl1-u0S5afUHfCD6n3SearLPCa9K_qgTV8nltflcP8OCrWyrQdBAHEGqAdG8sbKljn5PlHI0AW6IVkPhGAT0sAWHApQzhJc50B9vuJkN-U:1r2yZr:CfhuPDiVUykCmm63j-Sq21TIDbKlyswaCaXhj9LN-OE	2023-11-28 18:55:59.357949+00
f28zw34zhaivi58k5ipz4pegbl3xxs12	.eJxVjMEOwiAQRP-FsyGFAtv16N1vIAu7StXQpLQn47_bJj3obTLvzbxVpHUpcW0yx5HVWRl1-u0S5afUHfCD6n3SearLPCa9K_qgTV8nltflcP8OCrWyrQdBAHEGqAdG8sbKljn5PlHI0AW6IVkPhGAT0sAWHApQzhJc50B9vuJkN-U:1r2yZr:CfhuPDiVUykCmm63j-Sq21TIDbKlyswaCaXhj9LN-OE	2023-11-28 18:55:59.567795+00
eexv3ly3a3pdr452okho3bh317s8eu03	.eJxVjMEOwiAQRP-FsyGFAtv16N1vIAu7StXQpLQn47_bJj3obTLvzbxVpHUpcW0yx5HVWRl1-u0S5afUHfCD6n3SearLPCa9K_qgTV8nltflcP8OCrWyrQdBAHEGqAdG8sbKljn5PlHI0AW6IVkPhGAT0sAWHApQzhJc50B9vuJkN-U:1r2yaT:T05RiRyDeav956K6fMvh-SsmDxCDSu42RPXSRvY3wxg	2023-11-28 18:56:37.297517+00
w9diz99bn0dp7b33m5mezzu9ef9aitsf	.eJxVjMEOwiAQRP-FsyGFAtv16N1vIAu7StXQpLQn47_bJj3obTLvzbxVpHUpcW0yx5HVWRl1-u0S5afUHfCD6n3SearLPCa9K_qgTV8nltflcP8OCrWyrQdBAHEGqAdG8sbKljn5PlHI0AW6IVkPhGAT0sAWHApQzhJc50B9vuJkN-U:1r2yao:bsUtXMLThzk-InkARVZLTYPmw2diDTRv9U8x5AH8M2c	2023-11-28 18:56:58.766809+00
39g0ppma5gogu8pqx48eulgstefqu4hs	.eJxVjMEOwiAQRP-FsyGFAtv16N1vIAu7StXQpLQn47_bJj3obTLvzbxVpHUpcW0yx5HVWRl1-u0S5afUHfCD6n3SearLPCa9K_qgTV8nltflcP8OCrWyrQdBAHEGqAdG8sbKljn5PlHI0AW6IVkPhGAT0sAWHApQzhJc50B9vuJkN-U:1r2yar:7VzZZLSNf4R3_UdnZKsvQVmeJ6KujTKzH1yJ3ZhInVA	2023-11-28 18:57:01.7815+00
gfljt9jjlgrabn1hswib4pqwnpv5c02p	.eJxVjMEOwiAQRP-FsyGFAtv16N1vIAu7StXQpLQn47_bJj3obTLvzbxVpHUpcW0yx5HVWRl1-u0S5afUHfCD6n3SearLPCa9K_qgTV8nltflcP8OCrWyrQdBAHEGqAdG8sbKljn5PlHI0AW6IVkPhGAT0sAWHApQzhJc50B9vuJkN-U:1r2yat:-4FvVI-2zSoWF_YRzfXHEaVPzl_ZZSsAMkX_bSrTwwQ	2023-11-28 18:57:03.007618+00
l6yq0lauzdqms82c96fchthtychjlpcv	.eJxVjMEOwiAQRP-FsyGFAtv16N1vIAu7StXQpLQn47_bJj3obTLvzbxVpHUpcW0yx5HVWRl1-u0S5afUHfCD6n3SearLPCa9K_qgTV8nltflcP8OCrWyrQdBAHEGqAdG8sbKljn5PlHI0AW6IVkPhGAT0sAWHApQzhJc50B9vuJkN-U:1r2ybE:7aNn9FQTz03ELTysoaPIeltz2kdeNFts9XBQrA-3Cl0	2023-11-28 18:57:24.941444+00
v95f133agodz0k47u1762vvp58hdv53l	.eJxVjMEOwiAQRP-FsyGFAtv16N1vIAu7StXQpLQn47_bJj3obTLvzbxVpHUpcW0yx5HVWRl1-u0S5afUHfCD6n3SearLPCa9K_qgTV8nltflcP8OCrWyrQdBAHEGqAdG8sbKljn5PlHI0AW6IVkPhGAT0sAWHApQzhJc50B9vuJkN-U:1r2ybK:zSg7g_zK2HRfHGdREfrqEzxUS8903ZScgnkU82AcpU0	2023-11-28 18:57:30.688713+00
ye8ff3b0byfiy92sdxcynn2vo9dy93e0	.eJxVjMEOwiAQRP-FsyGFAtv16N1vIAu7StXQpLQn47_bJj3obTLvzbxVpHUpcW0yx5HVWRl1-u0S5afUHfCD6n3SearLPCa9K_qgTV8nltflcP8OCrWyrQdBAHEGqAdG8sbKljn5PlHI0AW6IVkPhGAT0sAWHApQzhJc50B9vuJkN-U:1r2ybL:HN2XjCnJSSUEpS2PYQhujmy4Z7JsxTdCin0A57WzLog	2023-11-28 18:57:31.26925+00
7vpn2qbkh3ulaylmzq03fa88z4c3h63k	.eJxVjMEOwiAQRP-FsyGFAtv16N1vIAu7StXQpLQn47_bJj3obTLvzbxVpHUpcW0yx5HVWRl1-u0S5afUHfCD6n3SearLPCa9K_qgTV8nltflcP8OCrWyrQdBAHEGqAdG8sbKljn5PlHI0AW6IVkPhGAT0sAWHApQzhJc50B9vuJkN-U:1r2ybL:HN2XjCnJSSUEpS2PYQhujmy4Z7JsxTdCin0A57WzLog	2023-11-28 18:57:31.438237+00
01hy3tzyenlabt1uli8xvl0gb3daqphb	.eJxVjMEOwiAQRP-FsyGFAtv16N1vIAu7StXQpLQn47_bJj3obTLvzbxVpHUpcW0yx5HVWRl1-u0S5afUHfCD6n3SearLPCa9K_qgTV8nltflcP8OCrWyrQdBAHEGqAdG8sbKljn5PlHI0AW6IVkPhGAT0sAWHApQzhJc50B9vuJkN-U:1r2ybL:HN2XjCnJSSUEpS2PYQhujmy4Z7JsxTdCin0A57WzLog	2023-11-28 18:57:31.557304+00
ay7w5fazfust0zvsgrymwsv50fell7ol	.eJxVjMEOwiAQRP-FsyGFAtv16N1vIAu7StXQpLQn47_bJj3obTLvzbxVpHUpcW0yx5HVWRl1-u0S5afUHfCD6n3SearLPCa9K_qgTV8nltflcP8OCrWyrQdBAHEGqAdG8sbKljn5PlHI0AW6IVkPhGAT0sAWHApQzhJc50B9vuJkN-U:1r2ybX:omy6-7Qgm_tUostIDP8a1RAzW4alN-w7NICcuRkAC18	2023-11-28 18:57:43.797799+00
wgvx3euivu5t7jzrkvl301p5rdy8q5gg	.eJxVjMEOwiAQRP-FsyGFAtv16N1vIAu7StXQpLQn47_bJj3obTLvzbxVpHUpcW0yx5HVWRl1-u0S5afUHfCD6n3SearLPCa9K_qgTV8nltflcP8OCrWyrQdBAHEGqAdG8sbKljn5PlHI0AW6IVkPhGAT0sAWHApQzhJc50B9vuJkN-U:1r2ybj:oR3G5bl0fsqIgDJK_JqrHy8R4_EAeqvDmaaKY2pw6no	2023-11-28 18:57:55.598644+00
rl7xpvnuqw8y0xefkd2n0lvxfdt4k3vl	.eJxVjMEOwiAQRP-FsyGFAtv16N1vIAu7StXQpLQn47_bJj3obTLvzbxVpHUpcW0yx5HVWRl1-u0S5afUHfCD6n3SearLPCa9K_qgTV8nltflcP8OCrWyrQdBAHEGqAdG8sbKljn5PlHI0AW6IVkPhGAT0sAWHApQzhJc50B9vuJkN-U:1r2ybl:V6Lw7zZF5GJZeaAHraC4tIadQcGrDVCUe8giMVQBTlo	2023-11-28 18:57:57.267399+00
hem7hbm3nrlg2avdc49bg3679k0tq72q	.eJxVjMEOwiAQRP-FsyGFAtv16N1vIAu7StXQpLQn47_bJj3obTLvzbxVpHUpcW0yx5HVWRl1-u0S5afUHfCD6n3SearLPCa9K_qgTV8nltflcP8OCrWyrQdBAHEGqAdG8sbKljn5PlHI0AW6IVkPhGAT0sAWHApQzhJc50B9vuJkN-U:1r2ybz:PY4dAYqG-NCUhlCTe_cRADKkXbyBen8SBHkr2iVxXuE	2023-11-28 18:58:11.366855+00
t5s4w1cw5xl2j197qekxyhgtpyc7hrup	.eJxVjMEOwiAQRP-FsyGFAtv16N1vIAu7StXQpLQn47_bJj3obTLvzbxVpHUpcW0yx5HVWRl1-u0S5afUHfCD6n3SearLPCa9K_qgTV8nltflcP8OCrWyrQdBAHEGqAdG8sbKljn5PlHI0AW6IVkPhGAT0sAWHApQzhJc50B9vuJkN-U:1r2yc6:uVPoM1mdZBU9Qvvv06cJdO_XAzu26gMzUmepWQ2k5BY	2023-11-28 18:58:18.009974+00
g0k5ql7hu5118k9nmhzypckfj5ctaubo	.eJxVjMEOwiAQRP-FsyGFAtv16N1vIAu7StXQpLQn47_bJj3obTLvzbxVpHUpcW0yx5HVWRl1-u0S5afUHfCD6n3SearLPCa9K_qgTV8nltflcP8OCrWyrQdBAHEGqAdG8sbKljn5PlHI0AW6IVkPhGAT0sAWHApQzhJc50B9vuJkN-U:1r2yc6:uVPoM1mdZBU9Qvvv06cJdO_XAzu26gMzUmepWQ2k5BY	2023-11-28 18:58:18.357669+00
los8iex2hd0k1ytmm5t9z0ws6qwkadr6	.eJxVjMEOwiAQRP-FsyGFAtv16N1vIAu7StXQpLQn47_bJj3obTLvzbxVpHUpcW0yx5HVWRl1-u0S5afUHfCD6n3SearLPCa9K_qgTV8nltflcP8OCrWyrQdBAHEGqAdG8sbKljn5PlHI0AW6IVkPhGAT0sAWHApQzhJc50B9vuJkN-U:1r2yc6:uVPoM1mdZBU9Qvvv06cJdO_XAzu26gMzUmepWQ2k5BY	2023-11-28 18:58:18.815955+00
5aycyc0x5kwofxoyi6417exdfc0j2mni	.eJxVjMEOwiAQRP-FsyGFAtv16N1vIAu7StXQpLQn47_bJj3obTLvzbxVpHUpcW0yx5HVWRl1-u0S5afUHfCD6n3SearLPCa9K_qgTV8nltflcP8OCrWyrQdBAHEGqAdG8sbKljn5PlHI0AW6IVkPhGAT0sAWHApQzhJc50B9vuJkN-U:1r2ycA:Fyz_bpGbUVpRp1HIb_rpEPAmHfAuT4NqYVKoj0GsEhU	2023-11-28 18:58:22.250523+00
jd8o6om9tahvvi4wvg9awkc5d6444i62	.eJxVjMEOwiAQRP-FsyGFAtv16N1vIAu7StXQpLQn47_bJj3obTLvzbxVpHUpcW0yx5HVWRl1-u0S5afUHfCD6n3SearLPCa9K_qgTV8nltflcP8OCrWyrQdBAHEGqAdG8sbKljn5PlHI0AW6IVkPhGAT0sAWHApQzhJc50B9vuJkN-U:1r2ycB:U1iG8CkN5bPr9I_r7rYD7Y2j5sM0iegIiWsmPLzoojY	2023-11-28 18:58:23.136965+00
iebg5k9m38xz2atsti1ntaes18g3djlu	.eJxVjMEOwiAQRP-FsyGFAtv16N1vIAu7StXQpLQn47_bJj3obTLvzbxVpHUpcW0yx5HVWRl1-u0S5afUHfCD6n3SearLPCa9K_qgTV8nltflcP8OCrWyrQdBAHEGqAdG8sbKljn5PlHI0AW6IVkPhGAT0sAWHApQzhJc50B9vuJkN-U:1r2ycC:C33Mvnb7k0Dj76mRaickXL2LkptSn-9LT5qKZeUteWQ	2023-11-28 18:58:24.042648+00
e8va8okzczvzjq621w2xwfd0hqf04cns	.eJxVjMEOwiAQRP-FsyGFAtv16N1vIAu7StXQpLQn47_bJj3obTLvzbxVpHUpcW0yx5HVWRl1-u0S5afUHfCD6n3SearLPCa9K_qgTV8nltflcP8OCrWyrQdBAHEGqAdG8sbKljn5PlHI0AW6IVkPhGAT0sAWHApQzhJc50B9vuJkN-U:1r2ycC:C33Mvnb7k0Dj76mRaickXL2LkptSn-9LT5qKZeUteWQ	2023-11-28 18:58:24.580902+00
4l2xpvauz7idcgu9z3bsj1ohmqhjod70	.eJxVjMEOwiAQRP-FsyGFAtv16N1vIAu7StXQpLQn47_bJj3obTLvzbxVpHUpcW0yx5HVWRl1-u0S5afUHfCD6n3SearLPCa9K_qgTV8nltflcP8OCrWyrQdBAHEGqAdG8sbKljn5PlHI0AW6IVkPhGAT0sAWHApQzhJc50B9vuJkN-U:1r2ycC:C33Mvnb7k0Dj76mRaickXL2LkptSn-9LT5qKZeUteWQ	2023-11-28 18:58:24.997806+00
ky0kk5l338lx3nvizseqr6pyv98p3p2d	.eJxVjMEOwiAQRP-FsyGFAtv16N1vIAu7StXQpLQn47_bJj3obTLvzbxVpHUpcW0yx5HVWRl1-u0S5afUHfCD6n3SearLPCa9K_qgTV8nltflcP8OCrWyrQdBAHEGqAdG8sbKljn5PlHI0AW6IVkPhGAT0sAWHApQzhJc50B9vuJkN-U:1r2ycD:7cCG7FAKqW4rTazxAePOtzuS0HVx0gAXEMimyAKs0KA	2023-11-28 18:58:25.171909+00
i5fh0355k8rzp31ww7bds6zj9fa7v0lx	.eJxVjMEOwiAQRP-FsyGFAtv16N1vIAu7StXQpLQn47_bJj3obTLvzbxVpHUpcW0yx5HVWRl1-u0S5afUHfCD6n3SearLPCa9K_qgTV8nltflcP8OCrWyrQdBAHEGqAdG8sbKljn5PlHI0AW6IVkPhGAT0sAWHApQzhJc50B9vuJkN-U:1r2ycD:7cCG7FAKqW4rTazxAePOtzuS0HVx0gAXEMimyAKs0KA	2023-11-28 18:58:25.377234+00
f5b5xpz5qvhicvywekh55mpbphia0i4m	.eJxVjMEOwiAQRP-FsyGFAtv16N1vIAu7StXQpLQn47_bJj3obTLvzbxVpHUpcW0yx5HVWRl1-u0S5afUHfCD6n3SearLPCa9K_qgTV8nltflcP8OCrWyrQdBAHEGqAdG8sbKljn5PlHI0AW6IVkPhGAT0sAWHApQzhJc50B9vuJkN-U:1r2ycD:7cCG7FAKqW4rTazxAePOtzuS0HVx0gAXEMimyAKs0KA	2023-11-28 18:58:25.476945+00
ehsml8rw3t280sbjk9zlx0sl4ea2vdqy	.eJxVjMEOwiAQRP-FsyGFAtv16N1vIAu7StXQpLQn47_bJj3obTLvzbxVpHUpcW0yx5HVWRl1-u0S5afUHfCD6n3SearLPCa9K_qgTV8nltflcP8OCrWyrQdBAHEGqAdG8sbKljn5PlHI0AW6IVkPhGAT0sAWHApQzhJc50B9vuJkN-U:1r2ycD:7cCG7FAKqW4rTazxAePOtzuS0HVx0gAXEMimyAKs0KA	2023-11-28 18:58:25.795448+00
5m3x44ka8avaasx72kp1vo382u0bgteh	.eJxVjMEOwiAQRP-FsyGFAtv16N1vIAu7StXQpLQn47_bJj3obTLvzbxVpHUpcW0yx5HVWRl1-u0S5afUHfCD6n3SearLPCa9K_qgTV8nltflcP8OCrWyrQdBAHEGqAdG8sbKljn5PlHI0AW6IVkPhGAT0sAWHApQzhJc50B9vuJkN-U:1r2ycE:DIw98XoecLO4LymT0X9AhRuq3JgXLiUg05NMBpVfXKE	2023-11-28 18:58:26.17208+00
xskxmjvegc6h6udoci5g65cfrf2ywah3	.eJxVjMEOwiAQRP-FsyGFAtv16N1vIAu7StXQpLQn47_bJj3obTLvzbxVpHUpcW0yx5HVWRl1-u0S5afUHfCD6n3SearLPCa9K_qgTV8nltflcP8OCrWyrQdBAHEGqAdG8sbKljn5PlHI0AW6IVkPhGAT0sAWHApQzhJc50B9vuJkN-U:1r2ycE:DIw98XoecLO4LymT0X9AhRuq3JgXLiUg05NMBpVfXKE	2023-11-28 18:58:26.378172+00
da0z3b7oyly2x5ousvzykuh5cg8wvhw5	.eJxVjMEOwiAQRP-FsyGFAtv16N1vIAu7StXQpLQn47_bJj3obTLvzbxVpHUpcW0yx5HVWRl1-u0S5afUHfCD6n3SearLPCa9K_qgTV8nltflcP8OCrWyrQdBAHEGqAdG8sbKljn5PlHI0AW6IVkPhGAT0sAWHApQzhJc50B9vuJkN-U:1r2ycE:DIw98XoecLO4LymT0X9AhRuq3JgXLiUg05NMBpVfXKE	2023-11-28 18:58:26.487379+00
0365wlrpwyixk2wf15wsvhap7ktyll6z	.eJxVjMEOwiAQRP-FsyGFAtv16N1vIAu7StXQpLQn47_bJj3obTLvzbxVpHUpcW0yx5HVWRl1-u0S5afUHfCD6n3SearLPCa9K_qgTV8nltflcP8OCrWyrQdBAHEGqAdG8sbKljn5PlHI0AW6IVkPhGAT0sAWHApQzhJc50B9vuJkN-U:1r2ycE:DIw98XoecLO4LymT0X9AhRuq3JgXLiUg05NMBpVfXKE	2023-11-28 18:58:26.689084+00
0w4anxd0aafa91mjnlwedj41f0a0jrz8	.eJxVjMEOwiAQRP-FsyGFAtv16N1vIAu7StXQpLQn47_bJj3obTLvzbxVpHUpcW0yx5HVWRl1-u0S5afUHfCD6n3SearLPCa9K_qgTV8nltflcP8OCrWyrQdBAHEGqAdG8sbKljn5PlHI0AW6IVkPhGAT0sAWHApQzhJc50B9vuJkN-U:1r2ycE:DIw98XoecLO4LymT0X9AhRuq3JgXLiUg05NMBpVfXKE	2023-11-28 18:58:26.769266+00
haeqk37jjufg05rgjl6lpaytdh25saui	.eJxVjMEOwiAQRP-FsyGFAtv16N1vIAu7StXQpLQn47_bJj3obTLvzbxVpHUpcW0yx5HVWRl1-u0S5afUHfCD6n3SearLPCa9K_qgTV8nltflcP8OCrWyrQdBAHEGqAdG8sbKljn5PlHI0AW6IVkPhGAT0sAWHApQzhJc50B9vuJkN-U:1r2ycE:DIw98XoecLO4LymT0X9AhRuq3JgXLiUg05NMBpVfXKE	2023-11-28 18:58:26.959205+00
xi5akro4v8mp68c6hnd4vyq1hfu67zr6	.eJxVjMEOwiAQRP-FsyGFAtv16N1vIAu7StXQpLQn47_bJj3obTLvzbxVpHUpcW0yx5HVWRl1-u0S5afUHfCD6n3SearLPCa9K_qgTV8nltflcP8OCrWyrQdBAHEGqAdG8sbKljn5PlHI0AW6IVkPhGAT0sAWHApQzhJc50B9vuJkN-U:1r2ycF:S09V9ICQSLXKvIY56ZY6AoC3hwf9SQNxJHJzhpRXczI	2023-11-28 18:58:27.060027+00
gy2konyumifk35tlgzb4i8q0tvpyssh5	.eJxVjMEOwiAQRP-FsyGFAtv16N1vIAu7StXQpLQn47_bJj3obTLvzbxVpHUpcW0yx5HVWRl1-u0S5afUHfCD6n3SearLPCa9K_qgTV8nltflcP8OCrWyrQdBAHEGqAdG8sbKljn5PlHI0AW6IVkPhGAT0sAWHApQzhJc50B9vuJkN-U:1r2ycQ:zraQITmniwOoquN_frj6BNHPzWKUEhsoTFzE8DabmoA	2023-11-28 18:58:38.180449+00
jxb4xdf02gjz8fszt9f0tb083hfur2in	.eJxVjMEOwiAQRP-FsyGFAtv16N1vIAu7StXQpLQn47_bJj3obTLvzbxVpHUpcW0yx5HVWRl1-u0S5afUHfCD6n3SearLPCa9K_qgTV8nltflcP8OCrWyrQdBAHEGqAdG8sbKljn5PlHI0AW6IVkPhGAT0sAWHApQzhJc50B9vuJkN-U:1r2yeR:E9DmYAQ-zMB1J4i9d1xFWUGmqiCBjtoYAr2RuzvQwlM	2023-11-28 19:00:43.782603+00
vp2yw1paafroex5fygpoixeigic19o81	.eJxVjMEOwiAQRP-FsyGFAtv16N1vIAu7StXQpLQn47_bJj3obTLvzbxVpHUpcW0yx5HVWRl1-u0S5afUHfCD6n3SearLPCa9K_qgTV8nltflcP8OCrWyrQdBAHEGqAdG8sbKljn5PlHI0AW6IVkPhGAT0sAWHApQzhJc50B9vuJkN-U:1r2yeV:rNb8Dwp1GtUgw9t6jRHuwWYUdEGP4H5q3y6KocIPXe8	2023-11-28 19:00:47.265473+00
eket5096pfgc2r6ajav7yvw8cdy8w11q	.eJxVjMEOwiAQRP-FsyGFAtv16N1vIAu7StXQpLQn47_bJj3obTLvzbxVpHUpcW0yx5HVWRl1-u0S5afUHfCD6n3SearLPCa9K_qgTV8nltflcP8OCrWyrQdBAHEGqAdG8sbKljn5PlHI0AW6IVkPhGAT0sAWHApQzhJc50B9vuJkN-U:1r2yeV:rNb8Dwp1GtUgw9t6jRHuwWYUdEGP4H5q3y6KocIPXe8	2023-11-28 19:00:47.846345+00
s3g188vqnn3rw7rrw64nampmhxcpkf8p	.eJxVjMEOwiAQRP-FsyGFAtv16N1vIAu7StXQpLQn47_bJj3obTLvzbxVpHUpcW0yx5HVWRl1-u0S5afUHfCD6n3SearLPCa9K_qgTV8nltflcP8OCrWyrQdBAHEGqAdG8sbKljn5PlHI0AW6IVkPhGAT0sAWHApQzhJc50B9vuJkN-U:1r2yeW:wU9zVzte0s7_Bh76wWUjphCd1Z_5Z8MzgQYop8ZGAcY	2023-11-28 19:00:48.0041+00
zr74bsvlpngw2kk71zil7p2eq8hkt50w	.eJxVjMEOwiAQRP-FsyGFAtv16N1vIAu7StXQpLQn47_bJj3obTLvzbxVpHUpcW0yx5HVWRl1-u0S5afUHfCD6n3SearLPCa9K_qgTV8nltflcP8OCrWyrQdBAHEGqAdG8sbKljn5PlHI0AW6IVkPhGAT0sAWHApQzhJc50B9vuJkN-U:1r2yeZ:1NY7nogRwtXJpG3cXbtV4bQ0AIF7T31d03LoX6zDwpw	2023-11-28 19:00:51.235246+00
x4z4brk7ireo0qoofa3oh1yrqlmfm4en	.eJxVjMEOwiAQRP-FsyGFAtv16N1vIAu7StXQpLQn47_bJj3obTLvzbxVpHUpcW0yx5HVWRl1-u0S5afUHfCD6n3SearLPCa9K_qgTV8nltflcP8OCrWyrQdBAHEGqAdG8sbKljn5PlHI0AW6IVkPhGAT0sAWHApQzhJc50B9vuJkN-U:1r2yfT:TNRIsfmh4VyU8Qq7X0LUi5Yfm1kdZ4Wnw3-MSbj5Cks	2023-11-28 19:01:47.932875+00
7anamyu31hkx8zwl3nadwyknaoh20235	.eJxVjMEOwiAQRP-FsyGFAtv16N1vIAu7StXQpLQn47_bJj3obTLvzbxVpHUpcW0yx5HVWRl1-u0S5afUHfCD6n3SearLPCa9K_qgTV8nltflcP8OCrWyrQdBAHEGqAdG8sbKljn5PlHI0AW6IVkPhGAT0sAWHApQzhJc50B9vuJkN-U:1r2ygK:_qVrAXWEJ95qOQ5mlKzPfFnkVQLlpZuN2Hx7RDHHO4I	2023-11-28 19:02:40.294338+00
ts0nk7f90auga20dmug645skrdvbl5kg	.eJxVjMEOwiAQRP-FsyGFAtv16N1vIAu7StXQpLQn47_bJj3obTLvzbxVpHUpcW0yx5HVWRl1-u0S5afUHfCD6n3SearLPCa9K_qgTV8nltflcP8OCrWyrQdBAHEGqAdG8sbKljn5PlHI0AW6IVkPhGAT0sAWHApQzhJc50B9vuJkN-U:1r2ygw:mzrbBoLnWy36L0OYn2e1metVh03R_ky0JgW1JANAoew	2023-11-28 19:03:18.067171+00
5frtu50yn8filhnpgwbk6q9pi6v9gtod	.eJxVjMEOwiAQRP-FsyGFAtv16N1vIAu7StXQpLQn47_bJj3obTLvzbxVpHUpcW0yx5HVWRl1-u0S5afUHfCD6n3SearLPCa9K_qgTV8nltflcP8OCrWyrQdBAHEGqAdG8sbKljn5PlHI0AW6IVkPhGAT0sAWHApQzhJc50B9vuJkN-U:1r2yor:lpX0vYtlosunAlp5odiJ87oOVcolFgeByQsCbf6Q0qI	2023-11-28 19:11:29.533788+00
rp7u4vvyqe8jk813avmphx9txuc1n6t6	.eJxVjMEOwiAQRP-FsyGFAtv16N1vIAu7StXQpLQn47_bJj3obTLvzbxVpHUpcW0yx5HVWRl1-u0S5afUHfCD6n3SearLPCa9K_qgTV8nltflcP8OCrWyrQdBAHEGqAdG8sbKljn5PlHI0AW6IVkPhGAT0sAWHApQzhJc50B9vuJkN-U:1r2yot:lNkfyajqBIa5rQs2eSglyNNUUsufxpcRhxD7LsdNDIw	2023-11-28 19:11:31.043075+00
0r57grimhvgliq2dy5tlh96z3fhtajkt	.eJxVjMEOwiAQRP-FsyGFAtv16N1vIAu7StXQpLQn47_bJj3obTLvzbxVpHUpcW0yx5HVWRl1-u0S5afUHfCD6n3SearLPCa9K_qgTV8nltflcP8OCrWyrQdBAHEGqAdG8sbKljn5PlHI0AW6IVkPhGAT0sAWHApQzhJc50B9vuJkN-U:1r2yp3:0hTJmcGAuGYPabF7j-nY-XS6lhUA21SnIJeH9zcTkws	2023-11-28 19:11:41.613616+00
oyj2dqth1929t4bmf6im4d34axixv684	.eJxVjMEOwiAQRP-FsyGFAtv16N1vIAu7StXQpLQn47_bJj3obTLvzbxVpHUpcW0yx5HVWRl1-u0S5afUHfCD6n3SearLPCa9K_qgTV8nltflcP8OCrWyrQdBAHEGqAdG8sbKljn5PlHI0AW6IVkPhGAT0sAWHApQzhJc50B9vuJkN-U:1r84mv:5CV2luOtHNIa0HnHRto3CM64e6moIUqx2n4t3pUz6TM	2023-12-12 20:34:33.240819+00
0zf8vcqer2q2ud54j96s8jq7xuga3nyo	.eJxVjMEOwiAQRP-FsyGFAtv16N1vIAu7StXQpLQn47_bJj3obTLvzbxVpHUpcW0yx5HVWRl1-u0S5afUHfCD6n3SearLPCa9K_qgTV8nltflcP8OCrWyrQdBAHEGqAdG8sbKljn5PlHI0AW6IVkPhGAT0sAWHApQzhJc50B9vuJkN-U:1r84mx:4qnPJlvRjpz9zOIvVfhMCC08tHNIrpQjTlHUS1Yc7NM	2023-12-12 20:34:35.714211+00
5l995s7dgynepmra663kj10cxoi6xh6e	.eJxVjMEOwiAQRP-FsyGFAtv16N1vIAu7StXQpLQn47_bJj3obTLvzbxVpHUpcW0yx5HVWRl1-u0S5afUHfCD6n3SearLPCa9K_qgTV8nltflcP8OCrWyrQdBAHEGqAdG8sbKljn5PlHI0AW6IVkPhGAT0sAWHApQzhJc50B9vuJkN-U:1r84np:hN0kPAAUqIZ8y3xIPdO0EGPPKpFiq9NFzXb_uiCckn8	2023-12-12 20:35:29.168375+00
tfozbz0bgps8uhxdxdccjv53eb69lnl5	.eJxVjMEOwiAQRP-FsyGFAtv16N1vIAu7StXQpLQn47_bJj3obTLvzbxVpHUpcW0yx5HVWRl1-u0S5afUHfCD6n3SearLPCa9K_qgTV8nltflcP8OCrWyrQdBAHEGqAdG8sbKljn5PlHI0AW6IVkPhGAT0sAWHApQzhJc50B9vuJkN-U:1r853J:kqVhH4HdZeU2Tm1O1ydQgBBAUfvt_Ien3FLe10zrZ8Y	2023-12-12 20:51:29.677885+00
5e2z0k23v739tmunei7jubemqyc1cr6o	.eJxVjMEOwiAQRP-FsyGFAtv16N1vIAu7StXQpLQn47_bJj3obTLvzbxVpHUpcW0yx5HVWRl1-u0S5afUHfCD6n3SearLPCa9K_qgTV8nltflcP8OCrWyrQdBAHEGqAdG8sbKljn5PlHI0AW6IVkPhGAT0sAWHApQzhJc50B9vuJkN-U:1r853N:9zO6sEG4VY_YeJPvFQY-tZ-CeeKimoR_m6vxe863L20	2023-12-12 20:51:33.172969+00
g14yig6vk3t2k3zba5p2jnwkqw3n5bxf	.eJxVjMEOwiAQRP-FsyGFAtv16N1vIAu7StXQpLQn47_bJj3obTLvzbxVpHUpcW0yx5HVWRl1-u0S5afUHfCD6n3SearLPCa9K_qgTV8nltflcP8OCrWyrQdBAHEGqAdG8sbKljn5PlHI0AW6IVkPhGAT0sAWHApQzhJc50B9vuJkN-U:1r853O:bhjIH6hz8iUYsysKMyO1C2Owfhpgp0L4F8bUt7VTAQQ	2023-12-12 20:51:34.496797+00
fhy0ihfdsxi71p1zw2aqre3rxrfl4owb	.eJxVjMEOwiAQRP-FsyGFAtv16N1vIAu7StXQpLQn47_bJj3obTLvzbxVpHUpcW0yx5HVWRl1-u0S5afUHfCD6n3SearLPCa9K_qgTV8nltflcP8OCrWyrQdBAHEGqAdG8sbKljn5PlHI0AW6IVkPhGAT0sAWHApQzhJc50B9vuJkN-U:1r853Y:o3R6kRvgNulKz_LXXvSBLtW1wIuO7-vdKM8RYbGUaqQ	2023-12-12 20:51:44.901615+00
zbfo6zpm735d134cn6agvrhzxyxqaad1	.eJxVjMEOwiAQRP-FsyGFAtv16N1vIAu7StXQpLQn47_bJj3obTLvzbxVpHUpcW0yx5HVWRl1-u0S5afUHfCD6n3SearLPCa9K_qgTV8nltflcP8OCrWyrQdBAHEGqAdG8sbKljn5PlHI0AW6IVkPhGAT0sAWHApQzhJc50B9vuJkN-U:1r85PA:6iu766cqXBV3a72M_5VMqhoai9hDOX_qgGUAQeagHxE	2023-12-12 21:14:04.759422+00
2s3jm9w65klm5fx4ttvznr41ssdqiivi	.eJxVjMEOwiAQRP-FsyGFAtv16N1vIAu7StXQpLQn47_bJj3obTLvzbxVpHUpcW0yx5HVWRl1-u0S5afUHfCD6n3SearLPCa9K_qgTV8nltflcP8OCrWyrQdBAHEGqAdG8sbKljn5PlHI0AW6IVkPhGAT0sAWHApQzhJc50B9vuJkN-U:1r85Rm:souxGrRX-RcMN8IsdtlllG6Xsx9qjG_UDUh_BvJnF_o	2023-12-12 21:16:46.609681+00
qbgv4t2lefdbknktjhq0v98m0wl6u6qm	.eJxVjMEOwiAQRP-FsyGFAtv16N1vIAu7StXQpLQn47_bJj3obTLvzbxVpHUpcW0yx5HVWRl1-u0S5afUHfCD6n3SearLPCa9K_qgTV8nltflcP8OCrWyrQdBAHEGqAdG8sbKljn5PlHI0AW6IVkPhGAT0sAWHApQzhJc50B9vuJkN-U:1r85Rp:YLXrITId3KhJpylFQewYNGIYjGjGfa4TZqYaCSNZjUk	2023-12-12 21:16:49.707706+00
a7r362iesjcu9jf19fo79wacmwykvt74	.eJxVjMEOwiAQRP-FsyGFAtv16N1vIAu7StXQpLQn47_bJj3obTLvzbxVpHUpcW0yx5HVWRl1-u0S5afUHfCD6n3SearLPCa9K_qgTV8nltflcP8OCrWyrQdBAHEGqAdG8sbKljn5PlHI0AW6IVkPhGAT0sAWHApQzhJc50B9vuJkN-U:1r85Rq:auwnyXNLeBkx8Htjx_PH0mgpO38CyTX01ULGv0Hk0Tk	2023-12-12 21:16:50.348046+00
eed5p38ak9tnhj94qt3wpkf0elelnwm0	.eJxVjMEOwiAQRP-FsyGFAtv16N1vIAu7StXQpLQn47_bJj3obTLvzbxVpHUpcW0yx5HVWRl1-u0S5afUHfCD6n3SearLPCa9K_qgTV8nltflcP8OCrWyrQdBAHEGqAdG8sbKljn5PlHI0AW6IVkPhGAT0sAWHApQzhJc50B9vuJkN-U:1r85Tc:l_VpWZX4FKUFihuevEmPzyJP3XrDChxgwgRIIQNLAwk	2023-12-12 21:18:40.508121+00
32o3ywfed3jf0k9coush6qusso4aqr0k	.eJxVjMEOwiAQRP-FsyGFAtv16N1vIAu7StXQpLQn47_bJj3obTLvzbxVpHUpcW0yx5HVWRl1-u0S5afUHfCD6n3SearLPCa9K_qgTV8nltflcP8OCrWyrQdBAHEGqAdG8sbKljn5PlHI0AW6IVkPhGAT0sAWHApQzhJc50B9vuJkN-U:1r85Vk:Y4XSF1GAznHOphoXTexgOQu6nmf621HAofOWpyK8HT8	2023-12-12 21:20:52.180957+00
a9jq11umd57hxtzxxxuowjb63z6n29ho	.eJxVjMEOwiAQRP-FsyGFAtv16N1vIAu7StXQpLQn47_bJj3obTLvzbxVpHUpcW0yx5HVWRl1-u0S5afUHfCD6n3SearLPCa9K_qgTV8nltflcP8OCrWyrQdBAHEGqAdG8sbKljn5PlHI0AW6IVkPhGAT0sAWHApQzhJc50B9vuJkN-U:1r85XE:PWkbSi9r6B8F42hBNza34SBTSCk73D_HZEmtZP-Lf6k	2023-12-12 21:22:24.645443+00
p79zpwgouiz2ismcbhtk0gk7anstse63	.eJxVjMEOwiAQRP-FsyGFAtv16N1vIAu7StXQpLQn47_bJj3obTLvzbxVpHUpcW0yx5HVWRl1-u0S5afUHfCD6n3SearLPCa9K_qgTV8nltflcP8OCrWyrQdBAHEGqAdG8sbKljn5PlHI0AW6IVkPhGAT0sAWHApQzhJc50B9vuJkN-U:1r85aD:1GcdlHyqXUSFOaDiBXMlc3lNIUm8CR0s-rTl2VF4XJM	2023-12-12 21:25:29.514659+00
8jbqh8whoatzjh930l8x8syx8oglpdgl	.eJxVjMEOwiAQRP-FsyGFAtv16N1vIAu7StXQpLQn47_bJj3obTLvzbxVpHUpcW0yx5HVWRl1-u0S5afUHfCD6n3SearLPCa9K_qgTV8nltflcP8OCrWyrQdBAHEGqAdG8sbKljn5PlHI0AW6IVkPhGAT0sAWHApQzhJc50B9vuJkN-U:1r85da:z-dDHD63Sgc9xh1BSIyQxFOkB9G2-pHJEEEGHAx32BQ	2023-12-12 21:28:58.550058+00
j5hic7zn0opdn31g31hkrfiibwhoevz6	.eJxVjMEOwiAQRP-FsyGFAtv16N1vIAu7StXQpLQn47_bJj3obTLvzbxVpHUpcW0yx5HVWRl1-u0S5afUHfCD6n3SearLPCa9K_qgTV8nltflcP8OCrWyrQdBAHEGqAdG8sbKljn5PlHI0AW6IVkPhGAT0sAWHApQzhJc50B9vuJkN-U:1r85nF:INbufW3joaSspFUy8BtZ_dgxHKQqDO48oxEjgEEgSAc	2023-12-12 21:38:57.970299+00
xd9k2mgglmn3kjhzq2mxzy3dz6q0sl1z	.eJxVjMEOwiAQRP-FsyGFAtv16N1vIAu7StXQpLQn47_bJj3obTLvzbxVpHUpcW0yx5HVWRl1-u0S5afUHfCD6n3SearLPCa9K_qgTV8nltflcP8OCrWyrQdBAHEGqAdG8sbKljn5PlHI0AW6IVkPhGAT0sAWHApQzhJc50B9vuJkN-U:1r86bb:Hwabra7BpK40ZleNHulwspempPd1NXKv-pq6oSTaYpA	2023-12-12 22:30:59.632498+00
5var854pfg4vdssquc8iaiyam3x43gk6	.eJxVjMEOwiAQRP-FsyGFAtv16N1vIAu7StXQpLQn47_bJj3obTLvzbxVpHUpcW0yx5HVWRl1-u0S5afUHfCD6n3SearLPCa9K_qgTV8nltflcP8OCrWyrQdBAHEGqAdG8sbKljn5PlHI0AW6IVkPhGAT0sAWHApQzhJc50B9vuJkN-U:1rBgHH:4I9bzLjLpImmGVdS1zFxx_1tDnMk1frf68eqMmtP_qk	2023-12-22 19:12:47.745412+00
aan5kcv2srovm85xci7xpurrck9ykfl6	.eJxVjMEOwiAQRP-FsyGFAtv16N1vIAu7StXQpLQn47_bJj3obTLvzbxVpHUpcW0yx5HVWRl1-u0S5afUHfCD6n3SearLPCa9K_qgTV8nltflcP8OCrWyrQdBAHEGqAdG8sbKljn5PlHI0AW6IVkPhGAT0sAWHApQzhJc50B9vuJkN-U:1rBhed:n1YGtm43uOGCsvVqhXUyCc8TFMXQkwmL5MLb871o7Ew	2023-12-22 20:40:59.159778+00
ighmofphqs0j95efzdn2pii7mswz2vq6	.eJxVjMEOwiAQRP-FsyGFAtv16N1vIAu7StXQpLQn47_bJj3obTLvzbxVpHUpcW0yx5HVWRl1-u0S5afUHfCD6n3SearLPCa9K_qgTV8nltflcP8OCrWyrQdBAHEGqAdG8sbKljn5PlHI0AW6IVkPhGAT0sAWHApQzhJc50B9vuJkN-U:1rBhiY:WcgFTs9zltaU6d0-3rpGjUCvdoKRN60DmQgQKyv-Ag8	2023-12-22 20:45:02.442898+00
j50biu3hccbrr2iw23doge86l59nyrdk	.eJxVjMEOwiAQRP-FsyGFAtv16N1vIAu7StXQpLQn47_bJj3obTLvzbxVpHUpcW0yx5HVWRl1-u0S5afUHfCD6n3SearLPCa9K_qgTV8nltflcP8OCrWyrQdBAHEGqAdG8sbKljn5PlHI0AW6IVkPhGAT0sAWHApQzhJc50B9vuJkN-U:1rC2WX:EKaDG2S0Kt0YN-s1ezP04N9ojDzulWA4JR9d4-aQI3Y	2023-12-23 18:58:01.042985+00
r1tt472uympclh9yhr42hp735zu00k0l	.eJxVjMEOwiAQRP-FsyGFAtv16N1vIAu7StXQpLQn47_bJj3obTLvzbxVpHUpcW0yx5HVWRl1-u0S5afUHfCD6n3SearLPCa9K_qgTV8nltflcP8OCrWyrQdBAHEGqAdG8sbKljn5PlHI0AW6IVkPhGAT0sAWHApQzhJc50B9vuJkN-U:1rC2Zq:PsBBgU9hA2oZqOCf9QiGE3qtNN_1l2bwfnXbx0ilrzQ	2023-12-23 19:01:26.073378+00
sv2g25uw1g4eb1n8gsou90s71m4dfq2m	.eJxVjMEOwiAQRP-FsyGFAtv16N1vIAu7StXQpLQn47_bJj3obTLvzbxVpHUpcW0yx5HVWRl1-u0S5afUHfCD6n3SearLPCa9K_qgTV8nltflcP8OCrWyrQdBAHEGqAdG8sbKljn5PlHI0AW6IVkPhGAT0sAWHApQzhJc50B9vuJkN-U:1rC2az:mBrio-zt6dO5JHE_EGDbmoyuQ_jPIF3pX83Nsy8bA1c	2023-12-23 19:02:37.677559+00
prprjvfgbnhkpbnbhfjelsqdu1gq0tes	.eJxVjMEOwiAQRP-FsyGFAtv16N1vIAu7StXQpLQn47_bJj3obTLvzbxVpHUpcW0yx5HVWRl1-u0S5afUHfCD6n3SearLPCa9K_qgTV8nltflcP8OCrWyrQdBAHEGqAdG8sbKljn5PlHI0AW6IVkPhGAT0sAWHApQzhJc50B9vuJkN-U:1rC2cX:NSZUcbbnDDhAho7aQmsm6WLpZeAX6Go9K7xaYRVC6U0	2023-12-23 19:04:13.960495+00
\.


--
-- Data for Name: token_blacklist_blacklistedtoken; Type: TABLE DATA; Schema: public; Owner: django_db
--

COPY public.token_blacklist_blacklistedtoken (id, blacklisted_at, token_id) FROM stdin;
1	2023-11-28 21:14:11.897296+00	116
2	2023-11-28 21:18:32.227506+00	120
3	2023-11-28 21:20:42.931055+00	122
4	2023-11-28 21:24:22.871035+00	125
5	2023-11-28 21:25:56.698368+00	127
6	2023-11-28 21:38:55.026563+00	129
7	2023-12-08 20:44:55.092342+00	134
8	2023-12-09 18:58:43.955468+00	137
9	2023-12-09 19:02:06.927711+00	139
10	2023-12-09 19:02:44.677231+00	141
\.


--
-- Data for Name: token_blacklist_outstandingtoken; Type: TABLE DATA; Schema: public; Owner: django_db
--

COPY public.token_blacklist_outstandingtoken (id, token, created_at, expires_at, user_id, jti) FROM stdin;
1	eyJhbGciOiJIUzI1NiIsInR5cCI6IkpXVCJ9.eyJ0b2tlbl90eXBlIjoicmVmcmVzaCIsImV4cCI6MTcwMDA3MjczMSwiaWF0IjoxNjk5OTg2MzMxLCJqdGkiOiIzODU0MzljY2NjNjg0MDBjYTNjODEzNGNjYTkyNTU5MyIsInVzZXJfaWQiOjF9.3tsS4uf4J_a7HmK0SzXMSy7HSGx6PqebMcUXXRKyvAQ	2023-11-14 18:25:31.665751+00	2023-11-15 18:25:31+00	1	385439cccc68400ca3c8134cca925593
2	eyJhbGciOiJIUzI1NiIsInR5cCI6IkpXVCJ9.eyJ0b2tlbl90eXBlIjoicmVmcmVzaCIsImV4cCI6MTcwMDA3Mjc2NCwiaWF0IjoxNjk5OTg2MzY0LCJqdGkiOiJmYTI3MWEwNTVjMzc0N2E5YTY4MjdlYzIwYjllMGJkNCIsInVzZXJfaWQiOjR9.KsDPInSIuqRJFtyA5ReYurq1EZikzxoG0o3Rk_3m7qA	2023-11-14 18:26:04.137172+00	2023-11-15 18:26:04+00	4	fa271a055c3747a9a6827ec20b9e0bd4
3	eyJhbGciOiJIUzI1NiIsInR5cCI6IkpXVCJ9.eyJ0b2tlbl90eXBlIjoicmVmcmVzaCIsImV4cCI6MTcwMDA3MjkzNCwiaWF0IjoxNjk5OTg2NTM0LCJqdGkiOiIwMDNkNjE4Y2I0MWE0ZjhiODU2MjUyZWNiY2EwODA1NyIsInVzZXJfaWQiOjF9.3kVjNKhPuuzbOKHcU13sT53LI-W823bUv0yEGpowbug	2023-11-14 18:28:54.319174+00	2023-11-15 18:28:54+00	1	003d618cb41a4f8b856252ecbca08057
4	eyJhbGciOiJIUzI1NiIsInR5cCI6IkpXVCJ9.eyJ0b2tlbl90eXBlIjoicmVmcmVzaCIsImV4cCI6MTcwMDA3MzEwOCwiaWF0IjoxNjk5OTg2NzA4LCJqdGkiOiIwYzEyZjUyZDViYWM0MDQxYWZjOGYxNWQwOTU3MTZlYyIsInVzZXJfaWQiOjF9.xcIbn9vwAA3SMgSd5PJIpUj5yNWhrA7XfvKGQev7mwY	2023-11-14 18:31:48.748277+00	2023-11-15 18:31:48+00	1	0c12f52d5bac4041afc8f15d095716ec
5	eyJhbGciOiJIUzI1NiIsInR5cCI6IkpXVCJ9.eyJ0b2tlbl90eXBlIjoicmVmcmVzaCIsImV4cCI6MTcwMDA3MzE0OCwiaWF0IjoxNjk5OTg2NzQ4LCJqdGkiOiJhZDg2MjAzYjRiMDY0OWY5YTA2MGJkMWMwYTIxODkwMCIsInVzZXJfaWQiOjF9.St4ykcZB1TxV10XnF4MXRcyLWBoCqMgDIPaRyqTTWmI	2023-11-14 18:32:28.541028+00	2023-11-15 18:32:28+00	1	ad86203b4b0649f9a060bd1c0a218900
6	eyJhbGciOiJIUzI1NiIsInR5cCI6IkpXVCJ9.eyJ0b2tlbl90eXBlIjoicmVmcmVzaCIsImV4cCI6MTcwMDA3NDE4MSwiaWF0IjoxNjk5OTg3NzgxLCJqdGkiOiIxMDJlOTIyM2ZhZWE0NjYyOTVjNjY2MzAzNjdhNWI2MSIsInVzZXJfaWQiOjF9.g_J_SdqNluTAO_aU-hpYPuigbshmgnMyeN6RUMWNeTE	2023-11-14 18:49:41.444174+00	2023-11-15 18:49:41+00	1	102e9223faea466295c66630367a5b61
7	eyJhbGciOiJIUzI1NiIsInR5cCI6IkpXVCJ9.eyJ0b2tlbl90eXBlIjoicmVmcmVzaCIsImV4cCI6MTcwMDA3NDMyNCwiaWF0IjoxNjk5OTg3OTI0LCJqdGkiOiJmNGU4NGE2NjNhZmI0ZGI3ODg3MTYxMzBiZDI0NjA0MSIsInVzZXJfaWQiOjF9.ePwwpIUCMj42AevdbY6qRDiU81PEu6cGJZw-FjgVzI4	2023-11-14 18:52:04.753625+00	2023-11-15 18:52:04+00	1	f4e84a663afb4db788716130bd246041
8	eyJhbGciOiJIUzI1NiIsInR5cCI6IkpXVCJ9.eyJ0b2tlbl90eXBlIjoicmVmcmVzaCIsImV4cCI6MTcwMDA3NDM0NywiaWF0IjoxNjk5OTg3OTQ3LCJqdGkiOiI0NWRiZjk5YWM5NWQ0ZThhYjhkOTAwMzA4YzczMmMyMyIsInVzZXJfaWQiOjF9.rRfIrb84FQFCroZN2QyBOu7jiAdShqU1VbwXbKKRw2c	2023-11-14 18:52:27.980718+00	2023-11-15 18:52:27+00	1	45dbf99ac95d4e8ab8d900308c732c23
9	eyJhbGciOiJIUzI1NiIsInR5cCI6IkpXVCJ9.eyJ0b2tlbl90eXBlIjoicmVmcmVzaCIsImV4cCI6MTcwMDA3NDM0OCwiaWF0IjoxNjk5OTg3OTQ4LCJqdGkiOiJlOTU5Y2E2MTZmOWQ0Y2ZjYTI3Zjc2MTgwNjMxNjQzOSIsInVzZXJfaWQiOjF9.XmFiyd3SOffh71Qy5qt7m_jZH-w3UGPHowjTWg7oXPk	2023-11-14 18:52:28.783646+00	2023-11-15 18:52:28+00	1	e959ca616f9d4cfca27f761806316439
10	eyJhbGciOiJIUzI1NiIsInR5cCI6IkpXVCJ9.eyJ0b2tlbl90eXBlIjoicmVmcmVzaCIsImV4cCI6MTcwMDA3NDM0OSwiaWF0IjoxNjk5OTg3OTQ5LCJqdGkiOiJhMjc3NDI3ODM1YTk0YzkxYWFiNTQ2NWE1YmU0ZTI4MyIsInVzZXJfaWQiOjF9.9B1hllGiepYNKBfQa9wDFS7kiJxXxJ9wl38wmBXHU9U	2023-11-14 18:52:29.322388+00	2023-11-15 18:52:29+00	1	a277427835a94c91aab5465a5be4e283
11	eyJhbGciOiJIUzI1NiIsInR5cCI6IkpXVCJ9.eyJ0b2tlbl90eXBlIjoicmVmcmVzaCIsImV4cCI6MTcwMDA3NDM0OSwiaWF0IjoxNjk5OTg3OTQ5LCJqdGkiOiIzMWRhODhkMmE1NWM0NjQ3YWFmM2MzZTNkOWU1YmMyMCIsInVzZXJfaWQiOjF9.KT3xpxiyj07GSs5YY2muXYdubD7TzNAx_7xyCm1H7-Y	2023-11-14 18:52:29.620577+00	2023-11-15 18:52:29+00	1	31da88d2a55c4647aaf3c3e3d9e5bc20
12	eyJhbGciOiJIUzI1NiIsInR5cCI6IkpXVCJ9.eyJ0b2tlbl90eXBlIjoicmVmcmVzaCIsImV4cCI6MTcwMDA3NDM0OSwiaWF0IjoxNjk5OTg3OTQ5LCJqdGkiOiIwYTMyNWUyYWYyYTg0OTIyYmZlNDAzZDQ0OWEzOTYyNiIsInVzZXJfaWQiOjF9.-i3RGg275ojleNQu-5iBms5vTpg8he2LbvP-TCo27P8	2023-11-14 18:52:29.823126+00	2023-11-15 18:52:29+00	1	0a325e2af2a84922bfe403d449a39626
13	eyJhbGciOiJIUzI1NiIsInR5cCI6IkpXVCJ9.eyJ0b2tlbl90eXBlIjoicmVmcmVzaCIsImV4cCI6MTcwMDA3NDM0OSwiaWF0IjoxNjk5OTg3OTQ5LCJqdGkiOiI1OWI3MDlmMjg0MmU0ZmIxYWQ0NmEwNDIzMGU4NzE5YiIsInVzZXJfaWQiOjF9.yzDvT-4tdBPRGxGz5SOOfqt1sVXipyWE8qadN2c_I90	2023-11-14 18:52:29.914429+00	2023-11-15 18:52:29+00	1	59b709f2842e4fb1ad46a04230e8719b
14	eyJhbGciOiJIUzI1NiIsInR5cCI6IkpXVCJ9.eyJ0b2tlbl90eXBlIjoicmVmcmVzaCIsImV4cCI6MTcwMDA3NDM1MCwiaWF0IjoxNjk5OTg3OTUwLCJqdGkiOiJiYjE3OTZiNGYzYzA0ZmU3YWVlOGMzMzZiMWQ4YTEzZiIsInVzZXJfaWQiOjF9.4PVhnplb9Vfwi5c18-ZB_o0HHaP4rZYASqR1UrKfDDQ	2023-11-14 18:52:30.083266+00	2023-11-15 18:52:30+00	1	bb1796b4f3c04fe7aee8c336b1d8a13f
15	eyJhbGciOiJIUzI1NiIsInR5cCI6IkpXVCJ9.eyJ0b2tlbl90eXBlIjoicmVmcmVzaCIsImV4cCI6MTcwMDA3NDM1MCwiaWF0IjoxNjk5OTg3OTUwLCJqdGkiOiI4ZTMxNWY2NWNiNzY0YTZiYmM4OWQ2MGM1YzRjMmE4YSIsInVzZXJfaWQiOjF9.Ru-lAsu3bClan7GMRgIBBsLz1hfEyxlAUuAQ1AjA1Oc	2023-11-14 18:52:30.272008+00	2023-11-15 18:52:30+00	1	8e315f65cb764a6bbc89d60c5c4c2a8a
16	eyJhbGciOiJIUzI1NiIsInR5cCI6IkpXVCJ9.eyJ0b2tlbl90eXBlIjoicmVmcmVzaCIsImV4cCI6MTcwMDA3NDM1MCwiaWF0IjoxNjk5OTg3OTUwLCJqdGkiOiJkYTAzZGZjNmQ1YjE0OTY0OTY4MjU0NTcwNDQ2MDE5MCIsInVzZXJfaWQiOjF9.FFg6wJW0o-JI18pmvRKcqvaqWjfhCZDkQ_g7I7bFoTE	2023-11-14 18:52:30.362511+00	2023-11-15 18:52:30+00	1	da03dfc6d5b149649682545704460190
17	eyJhbGciOiJIUzI1NiIsInR5cCI6IkpXVCJ9.eyJ0b2tlbl90eXBlIjoicmVmcmVzaCIsImV4cCI6MTcwMDA3NDM1MCwiaWF0IjoxNjk5OTg3OTUwLCJqdGkiOiI2OWFmZDU0MzU4MzA0MDdiYmZlZjQ5ZjQ0NGFlZDc0OSIsInVzZXJfaWQiOjF9.ArVP6BYJWbt00v2FTWghBmtweB4Vu0jOf7t7QcgAYL0	2023-11-14 18:52:30.522824+00	2023-11-15 18:52:30+00	1	69afd5435830407bbfef49f444aed749
18	eyJhbGciOiJIUzI1NiIsInR5cCI6IkpXVCJ9.eyJ0b2tlbl90eXBlIjoicmVmcmVzaCIsImV4cCI6MTcwMDA3NDM1MCwiaWF0IjoxNjk5OTg3OTUwLCJqdGkiOiI2ZTFmNTkyODc0ODc0NWZhYThkYzllYWFkMzE1MTdkYSIsInVzZXJfaWQiOjF9.lRZd51jO7gO389R0cJ1oOe06WymSzw-40VnzXfzA8gk	2023-11-14 18:52:30.83612+00	2023-11-15 18:52:30+00	1	6e1f5928748745faa8dc9eaad31517da
19	eyJhbGciOiJIUzI1NiIsInR5cCI6IkpXVCJ9.eyJ0b2tlbl90eXBlIjoicmVmcmVzaCIsImV4cCI6MTcwMDA3NDM1MSwiaWF0IjoxNjk5OTg3OTUxLCJqdGkiOiJlNzY2MDY0NTZmYzI0NGJiOGYxYjAyNjMzMzRjZjU3MSIsInVzZXJfaWQiOjF9.NeZAAYEO38R18IWwyQvyx70-_nRygJ5Z2X4aoMsRrGQ	2023-11-14 18:52:31.012402+00	2023-11-15 18:52:31+00	1	e76606456fc244bb8f1b0263334cf571
20	eyJhbGciOiJIUzI1NiIsInR5cCI6IkpXVCJ9.eyJ0b2tlbl90eXBlIjoicmVmcmVzaCIsImV4cCI6MTcwMDA3NDM1MSwiaWF0IjoxNjk5OTg3OTUxLCJqdGkiOiJlNjQxMjJiYzdlZDY0ZmE0OWJmMjI0MWYwZTkxMjgyOCIsInVzZXJfaWQiOjF9.BzzjKYHw5DNhQ8lIbMj2qK_IBvQbFdQvInbZCKSwHu4	2023-11-14 18:52:31.103182+00	2023-11-15 18:52:31+00	1	e64122bc7ed64fa49bf2241f0e912828
21	eyJhbGciOiJIUzI1NiIsInR5cCI6IkpXVCJ9.eyJ0b2tlbl90eXBlIjoicmVmcmVzaCIsImV4cCI6MTcwMDA3NDM1MSwiaWF0IjoxNjk5OTg3OTUxLCJqdGkiOiIwMDdiYTBkNDBhODg0YTU1YTA2YWRlZTc1MWU5YjhiNSIsInVzZXJfaWQiOjF9.ieqQl1CFedEEN1hlRWVuLAcsZXbqyiUtxXgMpuw5nEY	2023-11-14 18:52:31.302161+00	2023-11-15 18:52:31+00	1	007ba0d40a884a55a06adee751e9b8b5
22	eyJhbGciOiJIUzI1NiIsInR5cCI6IkpXVCJ9.eyJ0b2tlbl90eXBlIjoicmVmcmVzaCIsImV4cCI6MTcwMDA3NDM1MSwiaWF0IjoxNjk5OTg3OTUxLCJqdGkiOiJjMDJhZTEyNzQ4Y2E0MWUxYWIxZWVlODQzMTkzOTMzNiIsInVzZXJfaWQiOjF9.aQh2ddarqx1JaOescOz9NnsRNtDNA7UcQxp_xBQwQDw	2023-11-14 18:52:31.412132+00	2023-11-15 18:52:31+00	1	c02ae12748ca41e1ab1eee8431939336
23	eyJhbGciOiJIUzI1NiIsInR5cCI6IkpXVCJ9.eyJ0b2tlbl90eXBlIjoicmVmcmVzaCIsImV4cCI6MTcwMDA3NDM1MSwiaWF0IjoxNjk5OTg3OTUxLCJqdGkiOiJhYzQwZTc3MDk4MmI0YzAwYmQyN2U4Mjk2YjlkNTRjZSIsInVzZXJfaWQiOjF9.M3S4ssj_mpa9jtUMj1zCM1BCAJzAr0gOfigDLOQh-Jc	2023-11-14 18:52:31.704115+00	2023-11-15 18:52:31+00	1	ac40e770982b4c00bd27e8296b9d54ce
24	eyJhbGciOiJIUzI1NiIsInR5cCI6IkpXVCJ9.eyJ0b2tlbl90eXBlIjoicmVmcmVzaCIsImV4cCI6MTcwMDA3NDM1MSwiaWF0IjoxNjk5OTg3OTUxLCJqdGkiOiI4MWFlMDMzNWVlYjg0OTFjOTlkOWVkMWQwN2Y4NWFiNyIsInVzZXJfaWQiOjF9.L7gDotUW-kgt5ubfQYMtqIZdIwUHZ3jfxuL2Y-FOE-4	2023-11-14 18:52:31.956147+00	2023-11-15 18:52:31+00	1	81ae0335eeb8491c99d9ed1d07f85ab7
25	eyJhbGciOiJIUzI1NiIsInR5cCI6IkpXVCJ9.eyJ0b2tlbl90eXBlIjoicmVmcmVzaCIsImV4cCI6MTcwMDA3NDM1MiwiaWF0IjoxNjk5OTg3OTUyLCJqdGkiOiI4NTJhYjU4OGUxODc0MmM5YTNiZGM4NjkxMzcxNDAwYSIsInVzZXJfaWQiOjF9.d_OlNirwHhauK68rd7s8IJgday3rtagKZxk4LV8q7E0	2023-11-14 18:52:32.054906+00	2023-11-15 18:52:32+00	1	852ab588e18742c9a3bdc8691371400a
26	eyJhbGciOiJIUzI1NiIsInR5cCI6IkpXVCJ9.eyJ0b2tlbl90eXBlIjoicmVmcmVzaCIsImV4cCI6MTcwMDA3NDM1MiwiaWF0IjoxNjk5OTg3OTUyLCJqdGkiOiI0MzMyYTNmYmIwZDQ0MDhlYTQxMDA3NTY5MTM2MzgxZiIsInVzZXJfaWQiOjF9.vUtxm-WhU9CayGe4W7nAZ682PZ7OLc4VoWPjkVOZxRE	2023-11-14 18:52:32.374295+00	2023-11-15 18:52:32+00	1	4332a3fbb0d4408ea41007569136381f
27	eyJhbGciOiJIUzI1NiIsInR5cCI6IkpXVCJ9.eyJ0b2tlbl90eXBlIjoicmVmcmVzaCIsImV4cCI6MTcwMDA3NDM1MiwiaWF0IjoxNjk5OTg3OTUyLCJqdGkiOiJjMDhjNDE3ODEzM2M0NTM4YjlkNGE0ODE3NTc0ZWNjMSIsInVzZXJfaWQiOjF9.4wdSAdqPZQiCCR5RUO4_pLQt2sKmUwdG15avLIhtaLI	2023-11-14 18:52:32.562846+00	2023-11-15 18:52:32+00	1	c08c4178133c4538b9d4a4817574ecc1
28	eyJhbGciOiJIUzI1NiIsInR5cCI6IkpXVCJ9.eyJ0b2tlbl90eXBlIjoicmVmcmVzaCIsImV4cCI6MTcwMDA3NDM1MiwiaWF0IjoxNjk5OTg3OTUyLCJqdGkiOiI3NDY3Y2MyYzUwMjc0MjVmYmZiMjE3MmE3OTRhYTI4NiIsInVzZXJfaWQiOjF9.l4wLOL8qlyjwdJ_pW_FT4VXzWGtWP3xJP-EriiTQlSk	2023-11-14 18:52:32.633471+00	2023-11-15 18:52:32+00	1	7467cc2c5027425fbfb2172a794aa286
29	eyJhbGciOiJIUzI1NiIsInR5cCI6IkpXVCJ9.eyJ0b2tlbl90eXBlIjoicmVmcmVzaCIsImV4cCI6MTcwMDA3NDM1MiwiaWF0IjoxNjk5OTg3OTUyLCJqdGkiOiIyMGUyYTU1YzIwZGE0YjMwYTM1YzUyY2FhOGRjMWExMSIsInVzZXJfaWQiOjF9.LY2iKrszR4r5OWtjTvzapOflPmm_0NOBr7v4yzzJikk	2023-11-14 18:52:32.82236+00	2023-11-15 18:52:32+00	1	20e2a55c20da4b30a35c52caa8dc1a11
30	eyJhbGciOiJIUzI1NiIsInR5cCI6IkpXVCJ9.eyJ0b2tlbl90eXBlIjoicmVmcmVzaCIsImV4cCI6MTcwMDA3NDM1MiwiaWF0IjoxNjk5OTg3OTUyLCJqdGkiOiI2NjUwNGVkZWZmNjc0MzdmYTdhODAzYjQ1YTAyYmUwYiIsInVzZXJfaWQiOjF9.sH_bfZxMgzey85Qk1gUI_n-beBOLT28BMgXExG8zxNQ	2023-11-14 18:52:32.906968+00	2023-11-15 18:52:32+00	1	66504edeff67437fa7a803b45a02be0b
31	eyJhbGciOiJIUzI1NiIsInR5cCI6IkpXVCJ9.eyJ0b2tlbl90eXBlIjoicmVmcmVzaCIsImV4cCI6MTcwMDA3NDM1MywiaWF0IjoxNjk5OTg3OTUzLCJqdGkiOiJkNWIwNmRhODk4NDQ0NGZhYTcxYzVkNzE4NjNhNDgxNiIsInVzZXJfaWQiOjF9.fedLMeCUKTBhIXjLK7DNnxqwnrPEXp9krH6YFdX0TsQ	2023-11-14 18:52:33.094061+00	2023-11-15 18:52:33+00	1	d5b06da8984444faa71c5d71863a4816
32	eyJhbGciOiJIUzI1NiIsInR5cCI6IkpXVCJ9.eyJ0b2tlbl90eXBlIjoicmVmcmVzaCIsImV4cCI6MTcwMDA3NDM1MywiaWF0IjoxNjk5OTg3OTUzLCJqdGkiOiJjYjRhYWY1Y2ZlOTM0M2MwYTYxYzE4MGNlNDUwMzE3YyIsInVzZXJfaWQiOjF9.6Olb9OFn5vSUq_9LXqbyLc1YsbP5ACI9w3pGbDrposc	2023-11-14 18:52:33.213601+00	2023-11-15 18:52:33+00	1	cb4aaf5cfe9343c0a61c180ce450317c
33	eyJhbGciOiJIUzI1NiIsInR5cCI6IkpXVCJ9.eyJ0b2tlbl90eXBlIjoicmVmcmVzaCIsImV4cCI6MTcwMDA3NDM4MSwiaWF0IjoxNjk5OTg3OTgxLCJqdGkiOiJkOTIwNzUwZDFhYWI0NWYwOWUzMDM0YTA0MWVmMWZjOSIsInVzZXJfaWQiOjF9.xNVK-yziKN7bN1JUWRBwzTJEAYvuj6LC2g9ffUbXZLA	2023-11-14 18:53:01.926763+00	2023-11-15 18:53:01+00	1	d920750d1aab45f09e3034a041ef1fc9
34	eyJhbGciOiJIUzI1NiIsInR5cCI6IkpXVCJ9.eyJ0b2tlbl90eXBlIjoicmVmcmVzaCIsImV4cCI6MTcwMDA3NDM4MywiaWF0IjoxNjk5OTg3OTgzLCJqdGkiOiI2MzE5Y2VlODUxNGY0OTU4OWFiMmU3MGU3OWMwZDA4YSIsInVzZXJfaWQiOjF9.L9_v3Od_wkJOgF5EkKvhwGdooe-WTb714y1xGFh-sJ4	2023-11-14 18:53:03.114418+00	2023-11-15 18:53:03+00	1	6319cee8514f49589ab2e70e79c0d08a
35	eyJhbGciOiJIUzI1NiIsInR5cCI6IkpXVCJ9.eyJ0b2tlbl90eXBlIjoicmVmcmVzaCIsImV4cCI6MTcwMDA3NDM4MywiaWF0IjoxNjk5OTg3OTgzLCJqdGkiOiJmYzYxZDU5MGEzMmQ0Mjk1OTViNTVjZTg3NzFjZjlhZCIsInVzZXJfaWQiOjF9.VJ3LqY8HDqA0EL1PudwPDuMDefDBfCv7rSf66Qpe6vE	2023-11-14 18:53:03.723397+00	2023-11-15 18:53:03+00	1	fc61d590a32d429595b55ce8771cf9ad
36	eyJhbGciOiJIUzI1NiIsInR5cCI6IkpXVCJ9.eyJ0b2tlbl90eXBlIjoicmVmcmVzaCIsImV4cCI6MTcwMDA3NDQwMywiaWF0IjoxNjk5OTg4MDAzLCJqdGkiOiIyZDM4YmQ2NzZjMmM0YzM5ODcwN2RmOTNkYWNkNzlhMiIsInVzZXJfaWQiOjF9.sLMlG1uYTpeX-nb3aCr3O4kr0JOgAyjwsI7wL1i2wKo	2023-11-14 18:53:23.199223+00	2023-11-15 18:53:23+00	1	2d38bd676c2c4c398707df93dacd79a2
37	eyJhbGciOiJIUzI1NiIsInR5cCI6IkpXVCJ9.eyJ0b2tlbl90eXBlIjoicmVmcmVzaCIsImV4cCI6MTcwMDA3NDQwNiwiaWF0IjoxNjk5OTg4MDA2LCJqdGkiOiIyZWMyN2Q4OWQ3Yjc0MzlmYTEyNzFmOGZjMWEwNDQ5MyIsInVzZXJfaWQiOjF9.Rf1Uki6YCD53v4KOO2AwEyog45-UxfQ2nciEnYuNXuU	2023-11-14 18:53:26.074993+00	2023-11-15 18:53:26+00	1	2ec27d89d7b7439fa1271f8fc1a04493
38	eyJhbGciOiJIUzI1NiIsInR5cCI6IkpXVCJ9.eyJ0b2tlbl90eXBlIjoicmVmcmVzaCIsImV4cCI6MTcwMDA3NDQwNiwiaWF0IjoxNjk5OTg4MDA2LCJqdGkiOiI2YWNkNDMyMTM2YWQ0NzU0YTcyNjAzNTU3YWU2NzU0MyIsInVzZXJfaWQiOjF9.FBXE1nUpmcNiTOI3rapWUl1HQB6CFNhhob1asatGu4s	2023-11-14 18:53:26.765166+00	2023-11-15 18:53:26+00	1	6acd432136ad4754a72603557ae67543
39	eyJhbGciOiJIUzI1NiIsInR5cCI6IkpXVCJ9.eyJ0b2tlbl90eXBlIjoicmVmcmVzaCIsImV4cCI6MTcwMDA3NDU0MSwiaWF0IjoxNjk5OTg4MTQxLCJqdGkiOiI4YTJmYTM5Zjk0NTU0MjNhYjYxNzIzYzdjNmZhMjE2NyIsInVzZXJfaWQiOjF9.HOi1wff2GupCMmfYPtNGWplpC7aAMqUn7E96bVHz574	2023-11-14 18:55:41.694438+00	2023-11-15 18:55:41+00	1	8a2fa39f9455423ab61723c7c6fa2167
40	eyJhbGciOiJIUzI1NiIsInR5cCI6IkpXVCJ9.eyJ0b2tlbl90eXBlIjoicmVmcmVzaCIsImV4cCI6MTcwMDA3NDU0MiwiaWF0IjoxNjk5OTg4MTQyLCJqdGkiOiIyMzZlMGI0OTk0ODQ0NDcxODljZWY5MzUwZTE5OGQ5YSIsInVzZXJfaWQiOjF9.kZrD7PlS5PNzjkMVlSPFChymKCc4R-AORafvH7oxZCA	2023-11-14 18:55:42.97422+00	2023-11-15 18:55:42+00	1	236e0b499484447189cef9350e198d9a
41	eyJhbGciOiJIUzI1NiIsInR5cCI6IkpXVCJ9.eyJ0b2tlbl90eXBlIjoicmVmcmVzaCIsImV4cCI6MTcwMDA3NDU0MywiaWF0IjoxNjk5OTg4MTQzLCJqdGkiOiI3NjMwM2E5NzkxODA0ODE5ODM0MjlmODU4NjhlNWI2NyIsInVzZXJfaWQiOjF9.pL7rryG4ZA7ok3Mt_HeVyKsD5S4UdQJNKCmtdc38Z-4	2023-11-14 18:55:43.748578+00	2023-11-15 18:55:43+00	1	76303a979180481983429f85868e5b67
42	eyJhbGciOiJIUzI1NiIsInR5cCI6IkpXVCJ9.eyJ0b2tlbl90eXBlIjoicmVmcmVzaCIsImV4cCI6MTcwMDA3NDU0NiwiaWF0IjoxNjk5OTg4MTQ2LCJqdGkiOiI5YmIxODlmN2E2YWE0NTE1ODU3MTJjZWY3ZDlmZmRiMSIsInVzZXJfaWQiOjF9.k3g96UfIiO-CSJ_B1Ox7BeVex7yZH6Ab7HNKSS033WQ	2023-11-14 18:55:46.258061+00	2023-11-15 18:55:46+00	1	9bb189f7a6aa451585712cef7d9ffdb1
43	eyJhbGciOiJIUzI1NiIsInR5cCI6IkpXVCJ9.eyJ0b2tlbl90eXBlIjoicmVmcmVzaCIsImV4cCI6MTcwMDA3NDU0NiwiaWF0IjoxNjk5OTg4MTQ2LCJqdGkiOiIyZWJiZTRjOWU2NDU0NjMxYWVkYzI2NWRiYjU3ZWNhZiIsInVzZXJfaWQiOjF9.fdK6z0DFRqM7HhqRvmLcyD5SAL9PnNl6Pwn-g9Peqvw	2023-11-14 18:55:46.85676+00	2023-11-15 18:55:46+00	1	2ebbe4c9e6454631aedc265dbb57ecaf
44	eyJhbGciOiJIUzI1NiIsInR5cCI6IkpXVCJ9.eyJ0b2tlbl90eXBlIjoicmVmcmVzaCIsImV4cCI6MTcwMDA3NDU0NywiaWF0IjoxNjk5OTg4MTQ3LCJqdGkiOiJmMGQ3MTRlMjY4MTE0YzhkYWU3OWZjZDFiODk3MzRiMiIsInVzZXJfaWQiOjF9.SNEcY6Q8G1888vCSdOp5NOvKos-KC1K4Zk8kYFFtfyw	2023-11-14 18:55:47.305029+00	2023-11-15 18:55:47+00	1	f0d714e268114c8dae79fcd1b89734b2
45	eyJhbGciOiJIUzI1NiIsInR5cCI6IkpXVCJ9.eyJ0b2tlbl90eXBlIjoicmVmcmVzaCIsImV4cCI6MTcwMDA3NDU0NywiaWF0IjoxNjk5OTg4MTQ3LCJqdGkiOiIyYTJlMThlNWZiYjg0ZDg3OGYwYzliNjI0NTg3NDQ5NyIsInVzZXJfaWQiOjF9.lzequHH4IVug3JUJg_sB2MLihW6FATEm9Q4TfuEDDWw	2023-11-14 18:55:47.517476+00	2023-11-15 18:55:47+00	1	2a2e18e5fbb84d878f0c9b6245874497
46	eyJhbGciOiJIUzI1NiIsInR5cCI6IkpXVCJ9.eyJ0b2tlbl90eXBlIjoicmVmcmVzaCIsImV4cCI6MTcwMDA3NDU0NywiaWF0IjoxNjk5OTg4MTQ3LCJqdGkiOiJjOGU1ZTcxOTZlNWU0NjgzYTkxNDRlY2NiYWFiZDg5MiIsInVzZXJfaWQiOjF9.0HdsnM2Akr4W-xmtpe7q4GEhdRBf4oQoEu29gvyCx5M	2023-11-14 18:55:47.800374+00	2023-11-15 18:55:47+00	1	c8e5e7196e5e4683a9144eccbaabd892
47	eyJhbGciOiJIUzI1NiIsInR5cCI6IkpXVCJ9.eyJ0b2tlbl90eXBlIjoicmVmcmVzaCIsImV4cCI6MTcwMDA3NDU0NywiaWF0IjoxNjk5OTg4MTQ3LCJqdGkiOiJlZGNiMzhlYzViYTY0ZTBhODM4NWE1YzVlMTc1ODMzZiIsInVzZXJfaWQiOjF9.cFLnMoFJq03XOM1H3D6qUiniYcl5EQTiQQHQcFrVRNw	2023-11-14 18:55:47.892409+00	2023-11-15 18:55:47+00	1	edcb38ec5ba64e0a8385a5c5e175833f
48	eyJhbGciOiJIUzI1NiIsInR5cCI6IkpXVCJ9.eyJ0b2tlbl90eXBlIjoicmVmcmVzaCIsImV4cCI6MTcwMDA3NDU0OCwiaWF0IjoxNjk5OTg4MTQ4LCJqdGkiOiJlYTZiMGU0NjYwNDQ0Yjc5OGY3N2ExZmNlOTAzNjI5NiIsInVzZXJfaWQiOjF9.PypLfCDjSnReDvAep5G84T134U6E9ZrpslJl2nTmZik	2023-11-14 18:55:48.074405+00	2023-11-15 18:55:48+00	1	ea6b0e4660444b798f77a1fce9036296
49	eyJhbGciOiJIUzI1NiIsInR5cCI6IkpXVCJ9.eyJ0b2tlbl90eXBlIjoicmVmcmVzaCIsImV4cCI6MTcwMDA3NDU0OCwiaWF0IjoxNjk5OTg4MTQ4LCJqdGkiOiJmNDE3YzM0N2NlZjk0MjY5YmRkNWU2ZmYxZjJiYzk0NyIsInVzZXJfaWQiOjF9.z0OcY4eZzHRuU57pvZOkALCVM1A6ANPGSiWKYTHqbEs	2023-11-14 18:55:48.24358+00	2023-11-15 18:55:48+00	1	f417c347cef94269bdd5e6ff1f2bc947
50	eyJhbGciOiJIUzI1NiIsInR5cCI6IkpXVCJ9.eyJ0b2tlbl90eXBlIjoicmVmcmVzaCIsImV4cCI6MTcwMDA3NDU0OSwiaWF0IjoxNjk5OTg4MTQ5LCJqdGkiOiI2ODRiM2U3ODc1ZjE0NDNkYThjZWIwZjM0NzQ3YTRmZCIsInVzZXJfaWQiOjF9.m1jP85mBG9S84Oumga1W2YJ4mfsLsZEzDDMOnByROS8	2023-11-14 18:55:49.083936+00	2023-11-15 18:55:49+00	1	684b3e7875f1443da8ceb0f34747a4fd
51	eyJhbGciOiJIUzI1NiIsInR5cCI6IkpXVCJ9.eyJ0b2tlbl90eXBlIjoicmVmcmVzaCIsImV4cCI6MTcwMDA3NDU0OSwiaWF0IjoxNjk5OTg4MTQ5LCJqdGkiOiJjYmQ0YjI2ZTg5Zjg0MGFkOTE5NmMyMTVkOGVkNzAyZSIsInVzZXJfaWQiOjF9.UrxxTmcF9azFxcXF9O0H_7RvtwmePTk8wd943LNd3f0	2023-11-14 18:55:49.273827+00	2023-11-15 18:55:49+00	1	cbd4b26e89f840ad9196c215d8ed702e
52	eyJhbGciOiJIUzI1NiIsInR5cCI6IkpXVCJ9.eyJ0b2tlbl90eXBlIjoicmVmcmVzaCIsImV4cCI6MTcwMDA3NDU0OSwiaWF0IjoxNjk5OTg4MTQ5LCJqdGkiOiI2ZjExZTI0MThkYTM0ZDc0OTYxNTljN2U3NGMyMDEyMSIsInVzZXJfaWQiOjF9.guusI5kkE0JGFIjwA9QJbK7cEvgbnsaQ2nmLI7Bq95M	2023-11-14 18:55:49.53423+00	2023-11-15 18:55:49+00	1	6f11e2418da34d7496159c7e74c20121
53	eyJhbGciOiJIUzI1NiIsInR5cCI6IkpXVCJ9.eyJ0b2tlbl90eXBlIjoicmVmcmVzaCIsImV4cCI6MTcwMDA3NDU1MCwiaWF0IjoxNjk5OTg4MTUwLCJqdGkiOiIwNGMxYTJjYWQyMDg0YWMyYmU5MjMyM2ZiZmUzOTdhMiIsInVzZXJfaWQiOjF9.BapGR8NPUnyfsDycj67E6-bTXdgY10r8uGMudSDDQCY	2023-11-14 18:55:50.035978+00	2023-11-15 18:55:50+00	1	04c1a2cad2084ac2be92323fbfe397a2
54	eyJhbGciOiJIUzI1NiIsInR5cCI6IkpXVCJ9.eyJ0b2tlbl90eXBlIjoicmVmcmVzaCIsImV4cCI6MTcwMDA3NDU1MCwiaWF0IjoxNjk5OTg4MTUwLCJqdGkiOiI0NDdiNGZkNWU4YzI0MDIzYjAxZTNiMTY1YTU2YzMwMyIsInVzZXJfaWQiOjF9.wCEexWnj26_MzsiKU_OiSOHuR0cHMWu3oT9bTuv8fJA	2023-11-14 18:55:50.497779+00	2023-11-15 18:55:50+00	1	447b4fd5e8c24023b01e3b165a56c303
55	eyJhbGciOiJIUzI1NiIsInR5cCI6IkpXVCJ9.eyJ0b2tlbl90eXBlIjoicmVmcmVzaCIsImV4cCI6MTcwMDA3NDU1NywiaWF0IjoxNjk5OTg4MTU3LCJqdGkiOiJmYjY3MzExZTJjOTY0YjIyYjQ0Yjg2NzcyNWExYTY4MiIsInVzZXJfaWQiOjF9.g9QHIzIk6PkZE6Z6RenA8-FXxDkn84rShBTkGBq9MbA	2023-11-14 18:55:57.004048+00	2023-11-15 18:55:57+00	1	fb67311e2c964b22b44b867725a1a682
56	eyJhbGciOiJIUzI1NiIsInR5cCI6IkpXVCJ9.eyJ0b2tlbl90eXBlIjoicmVmcmVzaCIsImV4cCI6MTcwMDA3NDU1NywiaWF0IjoxNjk5OTg4MTU3LCJqdGkiOiJhNTg1NGM3NjA2ZmM0M2IxODBlMWY0ZTEzMjQ1MmM3NyIsInVzZXJfaWQiOjF9.CWRPLa9yYAyhxPa1QBamuD7w21w5HQaaYRogee7z_kE	2023-11-14 18:55:57.811891+00	2023-11-15 18:55:57+00	1	a5854c7606fc43b180e1f4e132452c77
57	eyJhbGciOiJIUzI1NiIsInR5cCI6IkpXVCJ9.eyJ0b2tlbl90eXBlIjoicmVmcmVzaCIsImV4cCI6MTcwMDA3NDU1OCwiaWF0IjoxNjk5OTg4MTU4LCJqdGkiOiJlZGUxMDMyNzYzODI0YmU3YWQ4NGNjNTIwYzAwYWM3ZSIsInVzZXJfaWQiOjF9.vmYi1U_1-xI585b8j3uxrOpcef3r4wTs4Kcr353l-SI	2023-11-14 18:55:58.276364+00	2023-11-15 18:55:58+00	1	ede1032763824be7ad84cc520c00ac7e
58	eyJhbGciOiJIUzI1NiIsInR5cCI6IkpXVCJ9.eyJ0b2tlbl90eXBlIjoicmVmcmVzaCIsImV4cCI6MTcwMDA3NDU1OCwiaWF0IjoxNjk5OTg4MTU4LCJqdGkiOiJkZTY4ODAyMjYwMGQ0MGNlOTRlNmZlZTNhMTVkMmNmMSIsInVzZXJfaWQiOjF9.rdjeCbvZ-1OhWKBcWj2GTOBeLO-UdYF7RH1_DwV-Cbk	2023-11-14 18:55:58.755071+00	2023-11-15 18:55:58+00	1	de688022600d40ce94e6fee3a15d2cf1
59	eyJhbGciOiJIUzI1NiIsInR5cCI6IkpXVCJ9.eyJ0b2tlbl90eXBlIjoicmVmcmVzaCIsImV4cCI6MTcwMDA3NDU1OCwiaWF0IjoxNjk5OTg4MTU4LCJqdGkiOiI5M2Y5MjVhNjAzNDA0OTc1YjE1NjA1ZWMzOWQ2MWE4MCIsInVzZXJfaWQiOjF9.mgxuVb_t7kNA3Z_-HbrfjAix8PVrlAGdLjQNmh8H4xI	2023-11-14 18:55:58.933916+00	2023-11-15 18:55:58+00	1	93f925a603404975b15605ec39d61a80
60	eyJhbGciOiJIUzI1NiIsInR5cCI6IkpXVCJ9.eyJ0b2tlbl90eXBlIjoicmVmcmVzaCIsImV4cCI6MTcwMDA3NDU1OSwiaWF0IjoxNjk5OTg4MTU5LCJqdGkiOiJkMDg5NzM3MWZiNmU0NzFlOThkZDEwMTY2YWNiNTUwYSIsInVzZXJfaWQiOjF9.2wqmivJ57xba3GO-o-_jxgalLgGeNoHsu5atZEg7qpE	2023-11-14 18:55:59.154817+00	2023-11-15 18:55:59+00	1	d0897371fb6e471e98dd10166acb550a
61	eyJhbGciOiJIUzI1NiIsInR5cCI6IkpXVCJ9.eyJ0b2tlbl90eXBlIjoicmVmcmVzaCIsImV4cCI6MTcwMDA3NDU1OSwiaWF0IjoxNjk5OTg4MTU5LCJqdGkiOiJhYmVmOTFiZDdhYjQ0N2M2OWIxYmRkMmFlOGE2NzhkNSIsInVzZXJfaWQiOjF9.U4RfMEWAh2oy5u28EOZFtvMvEJHaxHuCQ3eWS24FL0k	2023-11-14 18:55:59.354425+00	2023-11-15 18:55:59+00	1	abef91bd7ab447c69b1bdd2ae8a678d5
62	eyJhbGciOiJIUzI1NiIsInR5cCI6IkpXVCJ9.eyJ0b2tlbl90eXBlIjoicmVmcmVzaCIsImV4cCI6MTcwMDA3NDU1OSwiaWF0IjoxNjk5OTg4MTU5LCJqdGkiOiJlYjRiMjRlMmUzOWY0NWY4OTUyZTk5YTRiMGM1ZjcwZSIsInVzZXJfaWQiOjF9.guABC8lf1_U0L-yWagNcbXdFck4aEHbodZK-oSYggiM	2023-11-14 18:55:59.564552+00	2023-11-15 18:55:59+00	1	eb4b24e2e39f45f8952e99a4b0c5f70e
63	eyJhbGciOiJIUzI1NiIsInR5cCI6IkpXVCJ9.eyJ0b2tlbl90eXBlIjoicmVmcmVzaCIsImV4cCI6MTcwMDA3NDU5NywiaWF0IjoxNjk5OTg4MTk3LCJqdGkiOiI5YzY0YmNlYTdiZjY0MTY3YWJjMzc0NWJmYjllOGQ0YyIsInVzZXJfaWQiOjF9.oiAfORrPQijzpqYmwdVtSBWRNer5IiBdAhCE4X1oYAw	2023-11-14 18:56:37.294289+00	2023-11-15 18:56:37+00	1	9c64bcea7bf64167abc3745bfb9e8d4c
64	eyJhbGciOiJIUzI1NiIsInR5cCI6IkpXVCJ9.eyJ0b2tlbl90eXBlIjoicmVmcmVzaCIsImV4cCI6MTcwMDA3NDYxOCwiaWF0IjoxNjk5OTg4MjE4LCJqdGkiOiIyNjI2Y2U3NTJmYjc0YTEzYTVkZjhlODgxOGNhNThjOSIsInVzZXJfaWQiOjF9.1rP4Wj6IX6KeMKuy55v4QkJczkjQKyi9GuSm0dDSWhc	2023-11-14 18:56:58.763922+00	2023-11-15 18:56:58+00	1	2626ce752fb74a13a5df8e8818ca58c9
65	eyJhbGciOiJIUzI1NiIsInR5cCI6IkpXVCJ9.eyJ0b2tlbl90eXBlIjoicmVmcmVzaCIsImV4cCI6MTcwMDA3NDYyMSwiaWF0IjoxNjk5OTg4MjIxLCJqdGkiOiIzYTU0NmZhNDVmN2Q0YzRiOWI3ZjM3ODUwZjI4ZGNmOSIsInVzZXJfaWQiOjF9.sDBxkTXkII5Z8mLwIL59d87Bmru8Qrhh75pzwtOJWT8	2023-11-14 18:57:01.778231+00	2023-11-15 18:57:01+00	1	3a546fa45f7d4c4b9b7f37850f28dcf9
66	eyJhbGciOiJIUzI1NiIsInR5cCI6IkpXVCJ9.eyJ0b2tlbl90eXBlIjoicmVmcmVzaCIsImV4cCI6MTcwMDA3NDYyMywiaWF0IjoxNjk5OTg4MjIzLCJqdGkiOiI0ZTM5ODk1YTVhMTY0Y2JmYWU5ZGU2ZmVjZGZjZWI4MSIsInVzZXJfaWQiOjF9.gHhDn4NZy71bSUVusrypHcFCyyvfpUNxPVL1pMffPQ0	2023-11-14 18:57:03.00405+00	2023-11-15 18:57:03+00	1	4e39895a5a164cbfae9de6fecdfceb81
67	eyJhbGciOiJIUzI1NiIsInR5cCI6IkpXVCJ9.eyJ0b2tlbl90eXBlIjoicmVmcmVzaCIsImV4cCI6MTcwMDA3NDY0NCwiaWF0IjoxNjk5OTg4MjQ0LCJqdGkiOiI5MTJkZTZkMjNlZjQ0ZThmYTUwNWUzZmNhYzM0Yjk5YSIsInVzZXJfaWQiOjF9.Z9Lxssx_8C4BhQxhVvEVSsHJkdCNiNYr9or7IcP0bfY	2023-11-14 18:57:24.938273+00	2023-11-15 18:57:24+00	1	912de6d23ef44e8fa505e3fcac34b99a
68	eyJhbGciOiJIUzI1NiIsInR5cCI6IkpXVCJ9.eyJ0b2tlbl90eXBlIjoicmVmcmVzaCIsImV4cCI6MTcwMDA3NDY1MCwiaWF0IjoxNjk5OTg4MjUwLCJqdGkiOiJiMWZhMjk4MjVmNDI0MzhlYjk3YmI0NjZmNTY2NGFhMCIsInVzZXJfaWQiOjF9.XOBmbmG0YRjKGA1A3fy8QdCxbPPJI8eJhN5wj6nXnlw	2023-11-14 18:57:30.685433+00	2023-11-15 18:57:30+00	1	b1fa29825f42438eb97bb466f5664aa0
69	eyJhbGciOiJIUzI1NiIsInR5cCI6IkpXVCJ9.eyJ0b2tlbl90eXBlIjoicmVmcmVzaCIsImV4cCI6MTcwMDA3NDY1MSwiaWF0IjoxNjk5OTg4MjUxLCJqdGkiOiI0MjZmMjljMGRhOTg0MWE4OGVhMDM1MDI0MTBmOTY2OSIsInVzZXJfaWQiOjF9.ZS6blZgRlIUTfOur0AAS7MG-Z81d23SJ-dSas4AKzwY	2023-11-14 18:57:31.265607+00	2023-11-15 18:57:31+00	1	426f29c0da9841a88ea03502410f9669
70	eyJhbGciOiJIUzI1NiIsInR5cCI6IkpXVCJ9.eyJ0b2tlbl90eXBlIjoicmVmcmVzaCIsImV4cCI6MTcwMDA3NDY1MSwiaWF0IjoxNjk5OTg4MjUxLCJqdGkiOiI5OTdkNDZmODM4N2U0ODU1OGUwODY2OWMzZTMyNzBjZSIsInVzZXJfaWQiOjF9.0UMpy1UdCM1iX_zbJz6gBvM-fISp9VsQjVqlP-7cVY8	2023-11-14 18:57:31.434455+00	2023-11-15 18:57:31+00	1	997d46f8387e48558e08669c3e3270ce
71	eyJhbGciOiJIUzI1NiIsInR5cCI6IkpXVCJ9.eyJ0b2tlbl90eXBlIjoicmVmcmVzaCIsImV4cCI6MTcwMDA3NDY1MSwiaWF0IjoxNjk5OTg4MjUxLCJqdGkiOiI4Nzk0ODU2ZjA2YTg0NzcyODRjMmQ5OGI0ZTZiN2YyNCIsInVzZXJfaWQiOjF9.rWoHWlcf5u0BCFqy5s93aE4a58cqIy6JPrV7_9zAiI4	2023-11-14 18:57:31.55406+00	2023-11-15 18:57:31+00	1	8794856f06a8477284c2d98b4e6b7f24
72	eyJhbGciOiJIUzI1NiIsInR5cCI6IkpXVCJ9.eyJ0b2tlbl90eXBlIjoicmVmcmVzaCIsImV4cCI6MTcwMDA3NDY2MywiaWF0IjoxNjk5OTg4MjYzLCJqdGkiOiIyZDg5MTQ1MGI1ZGY0YTZiOGIxNjJjYTIzY2ZjOGQ1NyIsInVzZXJfaWQiOjF9.sPNga_7Te8xG9pOfdwSW1_SO4lEtJkXBj8M0hAtN4xo	2023-11-14 18:57:43.794429+00	2023-11-15 18:57:43+00	1	2d891450b5df4a6b8b162ca23cfc8d57
73	eyJhbGciOiJIUzI1NiIsInR5cCI6IkpXVCJ9.eyJ0b2tlbl90eXBlIjoicmVmcmVzaCIsImV4cCI6MTcwMDA3NDY3NSwiaWF0IjoxNjk5OTg4Mjc1LCJqdGkiOiI2MzlhZWRkOTBhZGY0NDAxYTk4Yzc1OGE3MjcwMWRiMiIsInVzZXJfaWQiOjF9.3jyyMaTQh8D-ko5gSpk4rv3xyLWfKJtywV2WfOsY_CY	2023-11-14 18:57:55.595495+00	2023-11-15 18:57:55+00	1	639aedd90adf4401a98c758a72701db2
74	eyJhbGciOiJIUzI1NiIsInR5cCI6IkpXVCJ9.eyJ0b2tlbl90eXBlIjoicmVmcmVzaCIsImV4cCI6MTcwMDA3NDY3NywiaWF0IjoxNjk5OTg4Mjc3LCJqdGkiOiI0NmVkOWM2MmIxMTY0NWQ2YjcyZGQ3N2M1ZjJhYWE3ZSIsInVzZXJfaWQiOjF9.8dNhSfE12Qsa9I0rYvOUprUszNe5d7MBRBpx2Tq9BpY	2023-11-14 18:57:57.264135+00	2023-11-15 18:57:57+00	1	46ed9c62b11645d6b72dd77c5f2aaa7e
75	eyJhbGciOiJIUzI1NiIsInR5cCI6IkpXVCJ9.eyJ0b2tlbl90eXBlIjoicmVmcmVzaCIsImV4cCI6MTcwMDA3NDY5MSwiaWF0IjoxNjk5OTg4MjkxLCJqdGkiOiIwZmM3M2JhMjNlMjQ0NjQyOGU5NzA0MjJkZDk0YTViNCIsInVzZXJfaWQiOjF9.FaO0tUwGJl1fmwiGFxBKs1xhJHXfLfdFzrk1dulslec	2023-11-14 18:58:11.363944+00	2023-11-15 18:58:11+00	1	0fc73ba23e2446428e970422dd94a5b4
76	eyJhbGciOiJIUzI1NiIsInR5cCI6IkpXVCJ9.eyJ0b2tlbl90eXBlIjoicmVmcmVzaCIsImV4cCI6MTcwMDA3NDY5OCwiaWF0IjoxNjk5OTg4Mjk4LCJqdGkiOiI1NGI1Mjg0ZDU3NGY0M2EwYjY5ODQzNjIzZjQyYjBiNSIsInVzZXJfaWQiOjF9.7TwXjw2ZRAeOVMhZyxkO3VtK9oXplm-AALQ-u1kF9HI	2023-11-14 18:58:18.006747+00	2023-11-15 18:58:18+00	1	54b5284d574f43a0b69843623f42b0b5
77	eyJhbGciOiJIUzI1NiIsInR5cCI6IkpXVCJ9.eyJ0b2tlbl90eXBlIjoicmVmcmVzaCIsImV4cCI6MTcwMDA3NDY5OCwiaWF0IjoxNjk5OTg4Mjk4LCJqdGkiOiI1M2UyZTliZWI1MTI0YjMwYWU4NDk2ZmFjZGI0ZDYxZSIsInVzZXJfaWQiOjF9.fXiOao07y2XSUK8uuefiiPpT540jImMeJVFBhranmtg	2023-11-14 18:58:18.354436+00	2023-11-15 18:58:18+00	1	53e2e9beb5124b30ae8496facdb4d61e
78	eyJhbGciOiJIUzI1NiIsInR5cCI6IkpXVCJ9.eyJ0b2tlbl90eXBlIjoicmVmcmVzaCIsImV4cCI6MTcwMDA3NDY5OCwiaWF0IjoxNjk5OTg4Mjk4LCJqdGkiOiIzMDBhZDU3ZTYxOGQ0YTFiODMxY2YxZDc3NWE2YWY4MiIsInVzZXJfaWQiOjF9.K-VvrzoO-t6jSxD_9gkHCL9Shxzp6YdCTr758iV8i0w	2023-11-14 18:58:18.812789+00	2023-11-15 18:58:18+00	1	300ad57e618d4a1b831cf1d775a6af82
79	eyJhbGciOiJIUzI1NiIsInR5cCI6IkpXVCJ9.eyJ0b2tlbl90eXBlIjoicmVmcmVzaCIsImV4cCI6MTcwMDA3NDcwMiwiaWF0IjoxNjk5OTg4MzAyLCJqdGkiOiJlYzM4ZGZlNGUyYWE0NjRjYTdkYWZjOWZmYTk0ZGIyNyIsInVzZXJfaWQiOjF9.Rs4F2rFiA2kT65A3Yv2cDL9VNoU1GK0FXd95ujMhk94	2023-11-14 18:58:22.246699+00	2023-11-15 18:58:22+00	1	ec38dfe4e2aa464ca7dafc9ffa94db27
80	eyJhbGciOiJIUzI1NiIsInR5cCI6IkpXVCJ9.eyJ0b2tlbl90eXBlIjoicmVmcmVzaCIsImV4cCI6MTcwMDA3NDcwMywiaWF0IjoxNjk5OTg4MzAzLCJqdGkiOiJmZjBjZDRmYTMyZDE0Y2ZhODk5OGViMTlkMjE4NjFiMCIsInVzZXJfaWQiOjF9.zgxdOAdYOdDWWq0LKHFX4k3GJJVjqTW10CQF7UNnN-k	2023-11-14 18:58:23.133914+00	2023-11-15 18:58:23+00	1	ff0cd4fa32d14cfa8998eb19d21861b0
81	eyJhbGciOiJIUzI1NiIsInR5cCI6IkpXVCJ9.eyJ0b2tlbl90eXBlIjoicmVmcmVzaCIsImV4cCI6MTcwMDA3NDcwNCwiaWF0IjoxNjk5OTg4MzA0LCJqdGkiOiJlYjkwNjUxNGUyNTc0MDFmODk5ZTMxNGQ2MGIzZmFkMyIsInVzZXJfaWQiOjF9.BX_1gIYfC3Wwr4lGsUuAIxynH9gnrYIec3pZ4VhghnQ	2023-11-14 18:58:24.039429+00	2023-11-15 18:58:24+00	1	eb906514e257401f899e314d60b3fad3
82	eyJhbGciOiJIUzI1NiIsInR5cCI6IkpXVCJ9.eyJ0b2tlbl90eXBlIjoicmVmcmVzaCIsImV4cCI6MTcwMDA3NDcwNCwiaWF0IjoxNjk5OTg4MzA0LCJqdGkiOiI4NTFjMzlhNzg2MTg0ZjlkODM0M2E4OWE1ZGIzNTZmYiIsInVzZXJfaWQiOjF9.EYWzzK6xoGkhh6kKEJwR2ifo1_ijo7hmrKy54Cn6wPU	2023-11-14 18:58:24.577662+00	2023-11-15 18:58:24+00	1	851c39a786184f9d8343a89a5db356fb
83	eyJhbGciOiJIUzI1NiIsInR5cCI6IkpXVCJ9.eyJ0b2tlbl90eXBlIjoicmVmcmVzaCIsImV4cCI6MTcwMDA3NDcwNCwiaWF0IjoxNjk5OTg4MzA0LCJqdGkiOiJhNzkwNGQ3YWYwY2M0MmMzYmY3ZTUzNWNhY2U0ZWZiNiIsInVzZXJfaWQiOjF9.vWBwl-nHUxCTUvPGCXo5YhIVZREU56fxgK_yKBLx9cg	2023-11-14 18:58:24.994633+00	2023-11-15 18:58:24+00	1	a7904d7af0cc42c3bf7e535cace4efb6
84	eyJhbGciOiJIUzI1NiIsInR5cCI6IkpXVCJ9.eyJ0b2tlbl90eXBlIjoicmVmcmVzaCIsImV4cCI6MTcwMDA3NDcwNSwiaWF0IjoxNjk5OTg4MzA1LCJqdGkiOiJiZDQzM2E5ZWVmMTk0ZDA0OGFkN2EzYzgwZDM3Zjc0OCIsInVzZXJfaWQiOjF9.qY4u1uGQQmJstFY0BGPFEDvtiK-xeHkz_MN_lKkK9sQ	2023-11-14 18:58:25.168575+00	2023-11-15 18:58:25+00	1	bd433a9eef194d048ad7a3c80d37f748
85	eyJhbGciOiJIUzI1NiIsInR5cCI6IkpXVCJ9.eyJ0b2tlbl90eXBlIjoicmVmcmVzaCIsImV4cCI6MTcwMDA3NDcwNSwiaWF0IjoxNjk5OTg4MzA1LCJqdGkiOiI4Yjg3ZmNlNzMyMTk0ZjEwOGNmNTY0OTM5ZGFmMTFjYiIsInVzZXJfaWQiOjF9.FwOhDomgT_xxWlC3Odc9Up6U-Q1EAsD1GlUHGGtucKs	2023-11-14 18:58:25.374191+00	2023-11-15 18:58:25+00	1	8b87fce732194f108cf564939daf11cb
86	eyJhbGciOiJIUzI1NiIsInR5cCI6IkpXVCJ9.eyJ0b2tlbl90eXBlIjoicmVmcmVzaCIsImV4cCI6MTcwMDA3NDcwNSwiaWF0IjoxNjk5OTg4MzA1LCJqdGkiOiJlYzVlODUyZGQzYTQ0OGVmYjNjMTVlZDZlNzFiYmI3NiIsInVzZXJfaWQiOjF9.NQTQkt_LY7sOpVS1vapIg5d2oLO2SiQ6in4Fb0V0o5E	2023-11-14 18:58:25.473631+00	2023-11-15 18:58:25+00	1	ec5e852dd3a448efb3c15ed6e71bbb76
87	eyJhbGciOiJIUzI1NiIsInR5cCI6IkpXVCJ9.eyJ0b2tlbl90eXBlIjoicmVmcmVzaCIsImV4cCI6MTcwMDA3NDcwNSwiaWF0IjoxNjk5OTg4MzA1LCJqdGkiOiJmNDA1OTRlMTFjZjk0NTQwYTRkZjBhNGEzMTljMjVmMSIsInVzZXJfaWQiOjF9.2O3fiYwBXompTJ9VLOXgoaHGS6PK6OejxTNMnvj6yM0	2023-11-14 18:58:25.79077+00	2023-11-15 18:58:25+00	1	f40594e11cf94540a4df0a4a319c25f1
88	eyJhbGciOiJIUzI1NiIsInR5cCI6IkpXVCJ9.eyJ0b2tlbl90eXBlIjoicmVmcmVzaCIsImV4cCI6MTcwMDA3NDcwNiwiaWF0IjoxNjk5OTg4MzA2LCJqdGkiOiI4YTA5NDNkMzgxYmY0ZjEwYWZjNGU4ZGMxNWRmNzI0ZSIsInVzZXJfaWQiOjF9.E1hGY9eDaMdsKtTjUJIu3sXd4Huz5V3KwGPjQlYmM0o	2023-11-14 18:58:26.168898+00	2023-11-15 18:58:26+00	1	8a0943d381bf4f10afc4e8dc15df724e
89	eyJhbGciOiJIUzI1NiIsInR5cCI6IkpXVCJ9.eyJ0b2tlbl90eXBlIjoicmVmcmVzaCIsImV4cCI6MTcwMDA3NDcwNiwiaWF0IjoxNjk5OTg4MzA2LCJqdGkiOiI4M2ZlOWEyNzBkOTk0MGY5OWM5NDc4MzIwMDdmYzc1ZSIsInVzZXJfaWQiOjF9.kUkYdic824TPMIkpj0RhxtuLKJ0J8P078g8yuxQ71OI	2023-11-14 18:58:26.374779+00	2023-11-15 18:58:26+00	1	83fe9a270d9940f99c947832007fc75e
90	eyJhbGciOiJIUzI1NiIsInR5cCI6IkpXVCJ9.eyJ0b2tlbl90eXBlIjoicmVmcmVzaCIsImV4cCI6MTcwMDA3NDcwNiwiaWF0IjoxNjk5OTg4MzA2LCJqdGkiOiJmMzY5YzkzNjU0YzU0MTQ0OWE2OTI2ZGI5M2UwMzQxMSIsInVzZXJfaWQiOjF9.lXHr32fKgoaMsyn6ad51y9Bf5Sni9BiU1JHv0YTaBWI	2023-11-14 18:58:26.483688+00	2023-11-15 18:58:26+00	1	f369c93654c541449a6926db93e03411
91	eyJhbGciOiJIUzI1NiIsInR5cCI6IkpXVCJ9.eyJ0b2tlbl90eXBlIjoicmVmcmVzaCIsImV4cCI6MTcwMDA3NDcwNiwiaWF0IjoxNjk5OTg4MzA2LCJqdGkiOiI4YjQ3ZDc2N2VmMjQ0OWJhOTJjYmNmZjVmYzc1ODdjYiIsInVzZXJfaWQiOjF9.4dBxv7q7wGARv5FpDuSz5heenIx97BhUZUYBuvFrwsI	2023-11-14 18:58:26.685685+00	2023-11-15 18:58:26+00	1	8b47d767ef2449ba92cbcff5fc7587cb
92	eyJhbGciOiJIUzI1NiIsInR5cCI6IkpXVCJ9.eyJ0b2tlbl90eXBlIjoicmVmcmVzaCIsImV4cCI6MTcwMDA3NDcwNiwiaWF0IjoxNjk5OTg4MzA2LCJqdGkiOiJiNTA1MGYyMjg1MzQ0ZWMzOTk5YTFiMTM0NTc2MWE1YSIsInVzZXJfaWQiOjF9.Z_SCS9N0DSuw5QbDhwvzBF42F4jRycwKyRk18tFFiLQ	2023-11-14 18:58:26.765478+00	2023-11-15 18:58:26+00	1	b5050f2285344ec3999a1b1345761a5a
93	eyJhbGciOiJIUzI1NiIsInR5cCI6IkpXVCJ9.eyJ0b2tlbl90eXBlIjoicmVmcmVzaCIsImV4cCI6MTcwMDA3NDcwNiwiaWF0IjoxNjk5OTg4MzA2LCJqdGkiOiIxOWIyODViMTJmOGM0NzJiYTE2M2VhOTllZmIyZjY4YyIsInVzZXJfaWQiOjF9.F_o4R0_fWNEjUptA9Pj5s0f2PsqU34yIMedOBUNkYVU	2023-11-14 18:58:26.955978+00	2023-11-15 18:58:26+00	1	19b285b12f8c472ba163ea99efb2f68c
94	eyJhbGciOiJIUzI1NiIsInR5cCI6IkpXVCJ9.eyJ0b2tlbl90eXBlIjoicmVmcmVzaCIsImV4cCI6MTcwMDA3NDcwNywiaWF0IjoxNjk5OTg4MzA3LCJqdGkiOiIzNDc4NTFmNGRiNDQ0NjExYmU5NzI2MDgxNDM1MmEzMSIsInVzZXJfaWQiOjF9.Uf7A10BScGda40y9722zVIwVV1vQoDYPg4QdDHPPMp4	2023-11-14 18:58:27.055221+00	2023-11-15 18:58:27+00	1	347851f4db444611be97260814352a31
95	eyJhbGciOiJIUzI1NiIsInR5cCI6IkpXVCJ9.eyJ0b2tlbl90eXBlIjoicmVmcmVzaCIsImV4cCI6MTcwMDA3NDcxMCwiaWF0IjoxNjk5OTg4MzEwLCJqdGkiOiJjOTk2ZjExZjI2MWU0YWFiYjE2ZDAwZjkwMmVhM2RlZCIsInVzZXJfaWQiOjF9.N9h_UvGX4kH28WUFJGi0Zrz4b8PwVaDjZsvcpYzUL1I	2023-11-14 18:58:30.4803+00	2023-11-15 18:58:30+00	1	c996f11f261e4aabb16d00f902ea3ded
96	eyJhbGciOiJIUzI1NiIsInR5cCI6IkpXVCJ9.eyJ0b2tlbl90eXBlIjoicmVmcmVzaCIsImV4cCI6MTcwMDA3NDcxOCwiaWF0IjoxNjk5OTg4MzE4LCJqdGkiOiIxNjFiNTYwN2FiMDQ0YTYzOWVhOWJlZDQ1ZWJhY2UyYiIsInVzZXJfaWQiOjF9.wfHyfn4Xnt6JkHzZUG3i1gfUnsvSDLENt3JZF3ZjB4A	2023-11-14 18:58:38.176892+00	2023-11-15 18:58:38+00	1	161b5607ab044a639ea9bed45ebace2b
97	eyJhbGciOiJIUzI1NiIsInR5cCI6IkpXVCJ9.eyJ0b2tlbl90eXBlIjoicmVmcmVzaCIsImV4cCI6MTcwMDA3NDg0MywiaWF0IjoxNjk5OTg4NDQzLCJqdGkiOiI3NTNlZjE4NGE5Yjc0NWNiOWY1Y2U1NDljYzFiYWEzZiIsInVzZXJfaWQiOjF9.E3sRJZc2V5TZRudv1gdhJGKfTsTjn_rfyi8fp7Li_wY	2023-11-14 19:00:43.773572+00	2023-11-15 19:00:43+00	1	753ef184a9b745cb9f5ce549cc1baa3f
98	eyJhbGciOiJIUzI1NiIsInR5cCI6IkpXVCJ9.eyJ0b2tlbl90eXBlIjoicmVmcmVzaCIsImV4cCI6MTcwMDA3NDg0NywiaWF0IjoxNjk5OTg4NDQ3LCJqdGkiOiI2ZThlYjM1ZDQ2Njc0ZjZiODVmNWYyMjA5NzIxY2I2MiIsInVzZXJfaWQiOjF9.tcIgRFJVexs6W3hLmeSdIAWvZa3E9oDxeJvSgA8ivEE	2023-11-14 19:00:47.261896+00	2023-11-15 19:00:47+00	1	6e8eb35d46674f6b85f5f2209721cb62
99	eyJhbGciOiJIUzI1NiIsInR5cCI6IkpXVCJ9.eyJ0b2tlbl90eXBlIjoicmVmcmVzaCIsImV4cCI6MTcwMDA3NDg0NywiaWF0IjoxNjk5OTg4NDQ3LCJqdGkiOiI5ZDQ0MzEyYjIxYWY0NmFkODlkYmE0MGU4NDc1MGYzMCIsInVzZXJfaWQiOjF9.5aHKCxHRs3V_vKSmWXOIEXqyHjWlCqsZFpCNXSQHHJY	2023-11-14 19:00:47.843389+00	2023-11-15 19:00:47+00	1	9d44312b21af46ad89dba40e84750f30
100	eyJhbGciOiJIUzI1NiIsInR5cCI6IkpXVCJ9.eyJ0b2tlbl90eXBlIjoicmVmcmVzaCIsImV4cCI6MTcwMDA3NDg0OCwiaWF0IjoxNjk5OTg4NDQ4LCJqdGkiOiI1NGRlY2Q3ZWIxZDM0ZmEwYTExZTNmNDlkYzU5ZjNiYSIsInVzZXJfaWQiOjF9.l9Pt1iGQDXf7b8f3XzAFS6xyTaTpSMjarldmzpuv6Bk	2023-11-14 19:00:48.000982+00	2023-11-15 19:00:48+00	1	54decd7eb1d34fa0a11e3f49dc59f3ba
101	eyJhbGciOiJIUzI1NiIsInR5cCI6IkpXVCJ9.eyJ0b2tlbl90eXBlIjoicmVmcmVzaCIsImV4cCI6MTcwMDA3NDg1MSwiaWF0IjoxNjk5OTg4NDUxLCJqdGkiOiIyYTg1Nzk5YTQ1Mjc0ZjM3ODI0YmNjZWUxMjBlYWRmNyIsInVzZXJfaWQiOjF9.wf1s-IC8VNGSND8SNuzjpp8pIniAkFVr41n6zFWY9WQ	2023-11-14 19:00:51.232055+00	2023-11-15 19:00:51+00	1	2a85799a45274f37824bccee120eadf7
102	eyJhbGciOiJIUzI1NiIsInR5cCI6IkpXVCJ9.eyJ0b2tlbl90eXBlIjoicmVmcmVzaCIsImV4cCI6MTcwMDA3NDkwNywiaWF0IjoxNjk5OTg4NTA3LCJqdGkiOiJjMjAwM2Q5OThkMDE0YmE2YjIxYWU4NDk4NTU4NjVlOCIsInVzZXJfaWQiOjF9.EsptaoET2ReCHc7XJqx8JXmHEBVPiWEsIKut2AA0ZAI	2023-11-14 19:01:47.929923+00	2023-11-15 19:01:47+00	1	c2003d998d014ba6b21ae849855865e8
103	eyJhbGciOiJIUzI1NiIsInR5cCI6IkpXVCJ9.eyJ0b2tlbl90eXBlIjoicmVmcmVzaCIsImV4cCI6MTcwMDA3NDk2MCwiaWF0IjoxNjk5OTg4NTYwLCJqdGkiOiI1MDcxZWRmNTYwZjE0ZmY4YjQ5N2M4N2Q4NDBhMmYxMyIsInVzZXJfaWQiOjF9.kKxYbf_Aa8PVXMaDtlxwSMcTuAyIC11Rr_0KJRh7EFo	2023-11-14 19:02:40.291312+00	2023-11-15 19:02:40+00	1	5071edf560f14ff8b497c87d840a2f13
104	eyJhbGciOiJIUzI1NiIsInR5cCI6IkpXVCJ9.eyJ0b2tlbl90eXBlIjoicmVmcmVzaCIsImV4cCI6MTcwMDA3NDk5OCwiaWF0IjoxNjk5OTg4NTk4LCJqdGkiOiIxYjQ4MzEzOWRkYjM0N2I0OTk3MmI4ZGUzMDNiZThjOSIsInVzZXJfaWQiOjF9.HB3trcKWGJC4rD7JqD6Qzgv6HJBz7RUbdQLnkIgKV7w	2023-11-14 19:03:18.063896+00	2023-11-15 19:03:18+00	1	1b483139ddb347b49972b8de303be8c9
105	eyJhbGciOiJIUzI1NiIsInR5cCI6IkpXVCJ9.eyJ0b2tlbl90eXBlIjoicmVmcmVzaCIsImV4cCI6MTcwMDA3NTQ4OSwiaWF0IjoxNjk5OTg5MDg5LCJqdGkiOiJlNmVlMTIzZDBmY2U0NGY0ODFkODcxM2RmNzY2NGM2YSIsInVzZXJfaWQiOjF9.4GiriHYsmtib1Enlc6avQhS0lKMY70xk4wbmBnRABkQ	2023-11-14 19:11:29.530328+00	2023-11-15 19:11:29+00	1	e6ee123d0fce44f481d8713df7664c6a
106	eyJhbGciOiJIUzI1NiIsInR5cCI6IkpXVCJ9.eyJ0b2tlbl90eXBlIjoicmVmcmVzaCIsImV4cCI6MTcwMDA3NTQ5MSwiaWF0IjoxNjk5OTg5MDkxLCJqdGkiOiI0NTJjZGJjZDM5MGU0NGEwYjAyZTdlYzAxYTJlNGUxNiIsInVzZXJfaWQiOjF9.bTnHsZV12YnVycB_CFQajMTSDHZsfLRCZcsNXY5jYvo	2023-11-14 19:11:31.039725+00	2023-11-15 19:11:31+00	1	452cdbcd390e44a0b02e7ec01a2e4e16
107	eyJhbGciOiJIUzI1NiIsInR5cCI6IkpXVCJ9.eyJ0b2tlbl90eXBlIjoicmVmcmVzaCIsImV4cCI6MTcwMDA3NTUwMSwiaWF0IjoxNjk5OTg5MTAxLCJqdGkiOiIwZGZiY2I1OGVlNWI0YjI4OTRhNDJkMjA4YzliYTFlNiIsInVzZXJfaWQiOjF9.x2rzqgXIyFCeenEW4QounBoW1KgyOyNVXq7ptR9Vzl4	2023-11-14 19:11:41.610562+00	2023-11-15 19:11:41+00	1	0dfbcb58ee5b4b2894a42d208c9ba1e6
108	eyJhbGciOiJIUzI1NiIsInR5cCI6IkpXVCJ9.eyJ0b2tlbl90eXBlIjoicmVmcmVzaCIsImV4cCI6MTcwMTI5MDA3MywiaWF0IjoxNzAxMjAzNjczLCJqdGkiOiI5ODhiYTRlYzliZTg0YmJmOTM4ZDg5NDk1OTE3OTQ1NiIsInVzZXJfaWQiOjF9.h-o-fC8mg0G-vN06bve05hTTyq5DdhJMoau4S-pCDgQ	2023-11-28 20:34:33.23282+00	2023-11-29 20:34:33+00	1	988ba4ec9be84bbf938d894959179456
109	eyJhbGciOiJIUzI1NiIsInR5cCI6IkpXVCJ9.eyJ0b2tlbl90eXBlIjoicmVmcmVzaCIsImV4cCI6MTcwMTI5MDA3NSwiaWF0IjoxNzAxMjAzNjc1LCJqdGkiOiI0NTVlOTlhYWE5YzA0MTI0ODEzODI4NzExMTViNjNiNiIsInVzZXJfaWQiOjF9.3F-rMBAaPl2JPornMyhsg5s0o_BkrRmK8JVOza5Tn7A	2023-11-28 20:34:35.710522+00	2023-11-29 20:34:35+00	1	455e99aaa9c0412481382871115b63b6
110	eyJhbGciOiJIUzI1NiIsInR5cCI6IkpXVCJ9.eyJ0b2tlbl90eXBlIjoicmVmcmVzaCIsImV4cCI6MTcwMTI5MDEyOSwiaWF0IjoxNzAxMjAzNzI5LCJqdGkiOiIxOGQyOTFhZGZiZDg0ZGJhODQxMmIwZTMxYjhkYmVmNSIsInVzZXJfaWQiOjF9.U3tbe-JjbhswWnscLn3M2F2wrbjbkfaCiK2CttzOdwM	2023-11-28 20:35:29.165196+00	2023-11-29 20:35:29+00	1	18d291adfbd84dba8412b0e31b8dbef5
111	eyJhbGciOiJIUzI1NiIsInR5cCI6IkpXVCJ9.eyJ0b2tlbl90eXBlIjoicmVmcmVzaCIsImV4cCI6MTcwMTI5MTA4OSwiaWF0IjoxNzAxMjA0Njg5LCJqdGkiOiJiNTYyMDMyNzRlYjc0MWZlOTdhNDkwOGQ0NThmZWYwOCIsInVzZXJfaWQiOjF9.SBRCPAMsdaFJzIf4J6eejGlq4wyDKUpz25Pod8rzgfc	2023-11-28 20:51:29.673296+00	2023-11-29 20:51:29+00	1	b56203274eb741fe97a4908d458fef08
112	eyJhbGciOiJIUzI1NiIsInR5cCI6IkpXVCJ9.eyJ0b2tlbl90eXBlIjoicmVmcmVzaCIsImV4cCI6MTcwMTI5MTA5MywiaWF0IjoxNzAxMjA0NjkzLCJqdGkiOiJmNTVhN2VmOGYzNDY0Nzc1YTY0ZDI4ODFiYjZiMTBmMiIsInVzZXJfaWQiOjF9.uEwFDbNOx-3BOU6Zkh0-LJWw8E6RyCS96l2TfXRLwv0	2023-11-28 20:51:33.169741+00	2023-11-29 20:51:33+00	1	f55a7ef8f3464775a64d2881bb6b10f2
113	eyJhbGciOiJIUzI1NiIsInR5cCI6IkpXVCJ9.eyJ0b2tlbl90eXBlIjoicmVmcmVzaCIsImV4cCI6MTcwMTI5MTA5NCwiaWF0IjoxNzAxMjA0Njk0LCJqdGkiOiJiMTk0ZDVhNWU5MWI0ZGEzYWFiZjk0YTE2MmMzNGFkNiIsInVzZXJfaWQiOjF9.aNUR-sCwhcFPGaa2Se746jJp_8s2KOmosZZrpEHIm3I	2023-11-28 20:51:34.493562+00	2023-11-29 20:51:34+00	1	b194d5a5e91b4da3aabf94a162c34ad6
114	eyJhbGciOiJIUzI1NiIsInR5cCI6IkpXVCJ9.eyJ0b2tlbl90eXBlIjoicmVmcmVzaCIsImV4cCI6MTcwMTI5MTEwNCwiaWF0IjoxNzAxMjA0NzA0LCJqdGkiOiI3M2I2N2RhYTlkZDI0ZmE1OWFhMmM4YzcyMDEzMGNmNiIsInVzZXJfaWQiOjF9.qIYnqp2tSDKixMajHBxBu9kXra1PMAYjk2ekWuTcefc	2023-11-28 20:51:44.898543+00	2023-11-29 20:51:44+00	1	73b67daa9dd24fa59aa2c8c720130cf6
115	eyJhbGciOiJIUzI1NiIsInR5cCI6IkpXVCJ9.eyJ0b2tlbl90eXBlIjoicmVmcmVzaCIsImV4cCI6MTcwMTI5MjQ0NCwiaWF0IjoxNzAxMjA2MDQ0LCJqdGkiOiJjNzRjNzA4NGNkNWI0MjA1OTJjMjIzYTcxMGY3Mjc4MiIsInVzZXJfaWQiOjF9.XBT5Q_R_FMKMZF3IqhRAeqJhA29vKWamNgPzxKbfHbU	2023-11-28 21:14:04.755329+00	2023-11-29 21:14:04+00	1	c74c7084cd5b420592c223a710f72782
116	eyJhbGciOiJIUzI1NiIsInR5cCI6IkpXVCJ9.eyJ0b2tlbl90eXBlIjoicmVmcmVzaCIsImV4cCI6MTcwMTI5MjQ1MSwiaWF0IjoxNzAxMjA2MDUxLCJqdGkiOiIyZTMzODVhNTIzYTY0ODk2Yjk2NWQ3OWEwZTQ2ZTAyNSIsInVzZXJfaWQiOjF9.YgEnY8EeJbUsJLlxKUcKR1pf4Yf6_XcpUgj_2Veygy8	2023-11-28 21:14:11.886966+00	2023-11-29 21:14:11+00	1	2e3385a523a64896b965d79a0e46e025
117	eyJhbGciOiJIUzI1NiIsInR5cCI6IkpXVCJ9.eyJ0b2tlbl90eXBlIjoicmVmcmVzaCIsImV4cCI6MTcwMTI5MjYwNiwiaWF0IjoxNzAxMjA2MjA2LCJqdGkiOiJjMjhmOWI1YjFhMmM0Y2U4YjY4Yzk2MGUzZmFhYzBhNCIsInVzZXJfaWQiOjF9.-ITTys1HSl3UeIhmPYeVtUCTbtalCZAJKkTEt_xnOd0	2023-11-28 21:16:46.606318+00	2023-11-29 21:16:46+00	1	c28f9b5b1a2c4ce8b68c960e3faac0a4
118	eyJhbGciOiJIUzI1NiIsInR5cCI6IkpXVCJ9.eyJ0b2tlbl90eXBlIjoicmVmcmVzaCIsImV4cCI6MTcwMTI5MjYwOSwiaWF0IjoxNzAxMjA2MjA5LCJqdGkiOiI3YWEwODQ4YjFjNjY0NDI5OTJhY2Q3ZTlkNWQyMjE0ZiIsInVzZXJfaWQiOjF9.9VUEWpF3WFT2-Zm2troyciXB2l35v54m2qg4MnTzcuM	2023-11-28 21:16:49.704417+00	2023-11-29 21:16:49+00	1	7aa0848b1c66442992acd7e9d5d2214f
119	eyJhbGciOiJIUzI1NiIsInR5cCI6IkpXVCJ9.eyJ0b2tlbl90eXBlIjoicmVmcmVzaCIsImV4cCI6MTcwMTI5MjYxMCwiaWF0IjoxNzAxMjA2MjEwLCJqdGkiOiIyMTk2ZTk2Y2FjMTY0YTk4YTk5NGVjMmE1MDY0M2VmZiIsInVzZXJfaWQiOjF9.Jx77eL80bvZS0PExCQM5IvwtJTOAiuWR8NoZKLkXFRQ	2023-11-28 21:16:50.344191+00	2023-11-29 21:16:50+00	1	2196e96cac164a98a994ec2a50643eff
120	eyJhbGciOiJIUzI1NiIsInR5cCI6IkpXVCJ9.eyJ0b2tlbl90eXBlIjoicmVmcmVzaCIsImV4cCI6MTcwMTI5MjcxMiwiaWF0IjoxNzAxMjA2MzEyLCJqdGkiOiJhODc1YTMxNWQ5OTM0YmI5OTUxMmI3NjhmYTcyNGUwNCIsInVzZXJfaWQiOjF9.5mRee7K3drAkZyOOgHqjrEnsUj8DaMdll_fOWxHS1I4	2023-11-28 21:18:32.211268+00	2023-11-29 21:18:32+00	1	a875a315d9934bb99512b768fa724e04
121	eyJhbGciOiJIUzI1NiIsInR5cCI6IkpXVCJ9.eyJ0b2tlbl90eXBlIjoicmVmcmVzaCIsImV4cCI6MTcwMTI5MjcyMCwiaWF0IjoxNzAxMjA2MzIwLCJqdGkiOiI2NTU4ZDYzZjRiMmQ0MDc5YWZjZjRmM2EzODg4MzVlZSIsInVzZXJfaWQiOjF9.Btaho-CCty1-yhIgPXPRFWEujUOkhG0fCZvOu45dui0	2023-11-28 21:18:40.491208+00	2023-11-29 21:18:40+00	1	6558d63f4b2d4079afcf4f3a388835ee
122	eyJhbGciOiJIUzI1NiIsInR5cCI6IkpXVCJ9.eyJ0b2tlbl90eXBlIjoicmVmcmVzaCIsImV4cCI6MTcwMTI5Mjg0MiwiaWF0IjoxNzAxMjA2NDQyLCJqdGkiOiJkZjlmYmMyOWFiNGM0NTI4ODJmOTRjOTk5NGVkMDM3OCIsInVzZXJfaWQiOjF9.AF5yVm_f10VbMYbBOUxea7RUopBn_-AutZzJPsPJMAY	2023-11-28 21:20:42.91503+00	2023-11-29 21:20:42+00	1	df9fbc29ab4c452882f94c9994ed0378
123	eyJhbGciOiJIUzI1NiIsInR5cCI6IkpXVCJ9.eyJ0b2tlbl90eXBlIjoicmVmcmVzaCIsImV4cCI6MTcwMTI5Mjg1MiwiaWF0IjoxNzAxMjA2NDUyLCJqdGkiOiI2ZGE2N2E0NjBjYWU0MDE0OGRlMTI0YjU2ZWVhNWEwOCIsInVzZXJfaWQiOjF9.3glwk0WNqCH9UId4sHESrP2x60IYbrA-J3bTIFJ-9d4	2023-11-28 21:20:52.177816+00	2023-11-29 21:20:52+00	1	6da67a460cae40148de124b56eea5a08
124	eyJhbGciOiJIUzI1NiIsInR5cCI6IkpXVCJ9.eyJ0b2tlbl90eXBlIjoicmVmcmVzaCIsImV4cCI6MTcwMTI5Mjk0NCwiaWF0IjoxNzAxMjA2NTQ0LCJqdGkiOiIzMmUxZmI2NmU2MjI0NTUyOGI1MWYyODc3ZDJmNWVkMyIsInVzZXJfaWQiOjF9.4G7IzE90EzWJkRV28CbmXl2RZFs17smU52FjjLO9_iU	2023-11-28 21:22:24.641917+00	2023-11-29 21:22:24+00	1	32e1fb66e62245528b51f2877d2f5ed3
125	eyJhbGciOiJIUzI1NiIsInR5cCI6IkpXVCJ9.eyJ0b2tlbl90eXBlIjoicmVmcmVzaCIsImV4cCI6MTcwMTI5MzA2MiwiaWF0IjoxNzAxMjA2NjYyLCJqdGkiOiI2YTIxYTM3NjQzYTI0NDdkYjNmOGI0NTIwNWMwZjUyYiIsInVzZXJfaWQiOjF9.Ugks8b_TvOR5UZd5oMCPycIh7cPA9KrSAuEJ3tffQ0o	2023-11-28 21:24:22.854739+00	2023-11-29 21:24:22+00	1	6a21a37643a2447db3f8b45205c0f52b
126	eyJhbGciOiJIUzI1NiIsInR5cCI6IkpXVCJ9.eyJ0b2tlbl90eXBlIjoicmVmcmVzaCIsImV4cCI6MTcwMTI5MzEyOSwiaWF0IjoxNzAxMjA2NzI5LCJqdGkiOiI5ZTEzYjc2YTU2YWY0MGNhYjMyNjkyZDhjMmE5ZGQxNyIsInVzZXJfaWQiOjF9.0LmeJnj_ClhMqRchO_6mUYB_TzYTqB0oQWH9e0q4SZk	2023-11-28 21:25:29.511006+00	2023-11-29 21:25:29+00	1	9e13b76a56af40cab32692d8c2a9dd17
127	eyJhbGciOiJIUzI1NiIsInR5cCI6IkpXVCJ9.eyJ0b2tlbl90eXBlIjoicmVmcmVzaCIsImV4cCI6MTcwMTI5MzE1NiwiaWF0IjoxNzAxMjA2NzU2LCJqdGkiOiI0NmE5OWE2YWQ5MTA0MGQ2OGJhYjgyMDFhNTdlMTk5MyIsInVzZXJfaWQiOjF9.WGyiA8bfeTXxVi8C0BJBJxHhESkmPiDJlvW8NOPio7I	2023-11-28 21:25:56.68189+00	2023-11-29 21:25:56+00	1	46a99a6ad91040d68bab8201a57e1993
128	eyJhbGciOiJIUzI1NiIsInR5cCI6IkpXVCJ9.eyJ0b2tlbl90eXBlIjoicmVmcmVzaCIsImV4cCI6MTcwMTI5MzMzOCwiaWF0IjoxNzAxMjA2OTM4LCJqdGkiOiJiNzFiNzBkMDEzZTU0Y2NhOTk5NzE3MGZlNTZmODVjZSIsInVzZXJfaWQiOjF9.Q4BpV7s4WdnuYtoDcyCNvnsZSYTTyzsUAZ1VrfAaEeo	2023-11-28 21:28:58.54553+00	2023-11-29 21:28:58+00	1	b71b70d013e54cca9997170fe56f85ce
129	eyJhbGciOiJIUzI1NiIsInR5cCI6IkpXVCJ9.eyJ0b2tlbl90eXBlIjoicmVmcmVzaCIsImV4cCI6MTcwMTI5MzkzNSwiaWF0IjoxNzAxMjA3NTM1LCJqdGkiOiI0ZTY4NGYxMDVlYjA0ZDY1YmYzYzZjZWZkZGUyZDhiZSIsInVzZXJfaWQiOjF9.-cvvZ3vAAWw29x5T-Sb15eDnB08RgaBKE-Tz5wHzY6c	2023-11-28 21:38:55.020135+00	2023-11-29 21:38:55+00	1	4e684f105eb04d65bf3c6cefdde2d8be
130	eyJhbGciOiJIUzI1NiIsInR5cCI6IkpXVCJ9.eyJ0b2tlbl90eXBlIjoicmVmcmVzaCIsImV4cCI6MTcwMTI5MzkzNywiaWF0IjoxNzAxMjA3NTM3LCJqdGkiOiIyYzczM2NhNTE3ZWE0NmZjYjUzYzJiYjU5NGI0MmJmYiIsInVzZXJfaWQiOjF9.kYnDTYi9U__H3XeS5Mk-ynb-JwXgBDB2RBbsbn3lu0Q	2023-11-28 21:38:57.965278+00	2023-11-29 21:38:57+00	1	2c733ca517ea46fcb53c2bb594b42bfb
131	eyJhbGciOiJIUzI1NiIsInR5cCI6IkpXVCJ9.eyJ0b2tlbl90eXBlIjoicmVmcmVzaCIsImV4cCI6MTcwMTI5NzA1OSwiaWF0IjoxNzAxMjEwNjU5LCJqdGkiOiJiYmM4ZjAxNWI4ZTg0ZDFjOGNlNzFmNzAyMTA2NjQ1MSIsInVzZXJfaWQiOjF9.Yku6EGX5RR4G6vlhguQEZp3DdvWa6UU7GjIhouJtu0U	2023-11-28 22:30:59.628426+00	2023-11-29 22:30:59+00	1	bbc8f015b8e84d1c8ce71f7021066451
132	eyJhbGciOiJIUzI1NiIsInR5cCI6IkpXVCJ9.eyJ0b2tlbl90eXBlIjoicmVmcmVzaCIsImV4cCI6MTcwMjE0OTE2NywiaWF0IjoxNzAyMDYyNzY3LCJqdGkiOiJiNmYzZTlhMDEyNDQ0ZjFhYWFhYTlkNjBhMmQ1ZTFkZCIsInVzZXJfaWQiOjF9.jaMR902d68aVavOHx3K5y6-oHoftTHQL74_w6hjayVg	2023-12-08 19:12:47.723763+00	2023-12-09 19:12:47+00	1	b6f3e9a012444f1aaaaa9d60a2d5e1dd
133	eyJhbGciOiJIUzI1NiIsInR5cCI6IkpXVCJ9.eyJ0b2tlbl90eXBlIjoicmVmcmVzaCIsImV4cCI6MTcwMjE1NDQ1OSwiaWF0IjoxNzAyMDY4MDU5LCJqdGkiOiIwZWI2YjU5OGY5MzM0YTRiOWU2Njg5ZjM1YmQzY2U4NyIsInVzZXJfaWQiOjF9.UGFhNDJbkiEusdyx4HYQdY62g4shIj76DD2zARgy6jg	2023-12-08 20:40:59.153611+00	2023-12-09 20:40:59+00	1	0eb6b598f9334a4b9e6689f35bd3ce87
134	eyJhbGciOiJIUzI1NiIsInR5cCI6IkpXVCJ9.eyJ0b2tlbl90eXBlIjoicmVmcmVzaCIsImV4cCI6MTcwMjE1NDY5NSwiaWF0IjoxNzAyMDY4Mjk1LCJqdGkiOiIzYTM0MGEzN2FhNGI0ZWVhODQ4ZjRkNGFjMGFkNDBlYyIsInVzZXJfaWQiOjF9.BW1poLckiS8gZMlOE52zrF8iBaewINCD2NefhnfOzBk	2023-12-08 20:44:55.067153+00	2023-12-09 20:44:55+00	1	3a340a37aa4b4eea848f4d4ac0ad40ec
135	eyJhbGciOiJIUzI1NiIsInR5cCI6IkpXVCJ9.eyJ0b2tlbl90eXBlIjoicmVmcmVzaCIsImV4cCI6MTcwMjE1NDcwMiwiaWF0IjoxNzAyMDY4MzAyLCJqdGkiOiJlMmI1MThlMGE5Mjg0MWE1YWYyNTZiNGU4MWM5NTA2NCIsInVzZXJfaWQiOjF9.w52zu0-45CYPGKj52ZgANng3cV3AWyZXwAXJjjMKArM	2023-12-08 20:45:02.438774+00	2023-12-09 20:45:02+00	1	e2b518e0a92841a5af256b4e81c95064
136	eyJhbGciOiJIUzI1NiIsInR5cCI6IkpXVCJ9.eyJ0b2tlbl90eXBlIjoicmVmcmVzaCIsImV4cCI6MTcwMjIzNDY4MSwiaWF0IjoxNzAyMTQ4MjgxLCJqdGkiOiJjMjYxZTkyMzYzOWQ0ODM1ODNlZjk5NzUxZDMzOTRjNyIsInVzZXJfaWQiOjF9.-E-p1kGyfBhJ4VBRXFfC5BYBQFza4su8xBR_LXt2Rjo	2023-12-09 18:58:01.014576+00	2023-12-10 18:58:01+00	1	c261e923639d483583ef99751d3394c7
137	eyJhbGciOiJIUzI1NiIsInR5cCI6IkpXVCJ9.eyJ0b2tlbl90eXBlIjoicmVmcmVzaCIsImV4cCI6MTcwMjIzNDcyMywiaWF0IjoxNzAyMTQ4MzIzLCJqdGkiOiI2MTA1OTc3MGYxYzM0NTRhYmQwMTk4MzI0NDUzYjM1YyIsInVzZXJfaWQiOjF9.eAdd9jqgSS2_VGJ2cEVD0uXwj2dSLFLxhHQp4SZDDSU	2023-12-09 18:58:43.943978+00	2023-12-10 18:58:43+00	1	61059770f1c3454abd0198324453b35c
138	eyJhbGciOiJIUzI1NiIsInR5cCI6IkpXVCJ9.eyJ0b2tlbl90eXBlIjoicmVmcmVzaCIsImV4cCI6MTcwMjIzNDg4NiwiaWF0IjoxNzAyMTQ4NDg2LCJqdGkiOiI4OTE1MTFkNWViMDg0OWE3YjY1ZTk1OTM1MDI5MDE4YyIsInVzZXJfaWQiOjF9.6-R-Q9eZH1tZBbaZAyloytKNFHmwGYiMAuYf0JEOoiM	2023-12-09 19:01:26.069391+00	2023-12-10 19:01:26+00	1	891511d5eb0849a7b65e95935029018c
139	eyJhbGciOiJIUzI1NiIsInR5cCI6IkpXVCJ9.eyJ0b2tlbl90eXBlIjoicmVmcmVzaCIsImV4cCI6MTcwMjIzNDkyNiwiaWF0IjoxNzAyMTQ4NTI2LCJqdGkiOiIyMjJjNTUzM2MwYjM0ZDFiYTIzZmI3ODUxNmM1OGJkNyIsInVzZXJfaWQiOjF9.RnqcXRoqGUeIYHMiO6nt3FWTgtMWrpIndM9jOwmgFoU	2023-12-09 19:02:06.910688+00	2023-12-10 19:02:06+00	1	222c5533c0b34d1ba23fb78516c58bd7
140	eyJhbGciOiJIUzI1NiIsInR5cCI6IkpXVCJ9.eyJ0b2tlbl90eXBlIjoicmVmcmVzaCIsImV4cCI6MTcwMjIzNDk1NywiaWF0IjoxNzAyMTQ4NTU3LCJqdGkiOiJjOWE3ZjZhNWQ4ZmQ0OGFlYmVkMWYzNDEyYTA0NzM5MyIsInVzZXJfaWQiOjF9.wNG6GQarZNQDMpOyoSp8PU700qKX9WgSupjoalQqD1E	2023-12-09 19:02:37.674262+00	2023-12-10 19:02:37+00	1	c9a7f6a5d8fd48aebed1f3412a047393
141	eyJhbGciOiJIUzI1NiIsInR5cCI6IkpXVCJ9.eyJ0b2tlbl90eXBlIjoicmVmcmVzaCIsImV4cCI6MTcwMjIzNDk2NCwiaWF0IjoxNzAyMTQ4NTY0LCJqdGkiOiJhMGFhOGU2Mjc3NWQ0MTUyYjFjMGE0MDVhYmUxM2I3YiIsInVzZXJfaWQiOjF9.09CQVPcJEoSz20pritS4ynWYnJll7yVOgIFh-XCTk0Q	2023-12-09 19:02:44.671132+00	2023-12-10 19:02:44+00	1	a0aa8e62775d4152b1c0a405abe13b7b
142	eyJhbGciOiJIUzI1NiIsInR5cCI6IkpXVCJ9.eyJ0b2tlbl90eXBlIjoicmVmcmVzaCIsImV4cCI6MTcwMjIzNTA1MywiaWF0IjoxNzAyMTQ4NjUzLCJqdGkiOiI3NmRkZjBhZGIyZjg0NjA1YTA1MDg1YjExYjA5MGVkNSIsInVzZXJfaWQiOjF9.hJSLz0wlZvpxivNjIoIfcuQ5S1OPz2KRyZJdkKIDjH4	2023-12-09 19:04:13.956838+00	2023-12-10 19:04:13+00	1	76ddf0adb2f84605a05085b11b090ed5
\.


--
-- Data for Name: transactions_transaction; Type: TABLE DATA; Schema: public; Owner: django_db
--

COPY public.transactions_transaction (id, name, amount, created_at, updated_at, account_id, budget_id, category_id) FROM stdin;
2	Netflix	59.00	2023-10-20 17:53:08.075029+00	2023-10-20 17:53:08.075046+00	1	1	1
3	GamePass	54.99	2023-10-20 17:53:22.416792+00	2023-10-20 17:53:22.416808+00	1	1	1
1	Spotify	29.00	2023-10-20 17:04:47.094188+00	2023-11-08 17:59:38.789274+00	1	1	1
4	Test	123.00	2023-11-08 18:25:49.656313+00	2023-11-08 18:25:49.656329+00	1	1	1
5	qwe	124.00	2023-11-08 18:38:23.155794+00	2023-11-08 18:38:23.155809+00	1	1	1
6	Netflis	58.00	2023-11-08 18:38:53.11081+00	2023-11-08 18:38:53.110825+00	1	1	1
7	test231	231.00	2023-11-14 19:06:29.718023+00	2023-11-14 19:06:29.718039+00	1	1	1
8	test2	123.00	2023-11-28 21:19:54.804569+00	2023-11-28 21:19:54.80459+00	1	1	2
9	Delegacja	300.00	2023-12-08 19:15:05.71673+00	2023-12-08 19:15:05.716747+00	1	2	3
10	Hotel	799.00	2023-12-09 19:06:28.294954+00	2023-12-09 19:06:28.29497+00	1	2	3
\.


--
-- Data for Name: transactions_transaction_tags; Type: TABLE DATA; Schema: public; Owner: django_db
--

COPY public.transactions_transaction_tags (id, transaction_id, transactiontag_id) FROM stdin;
1	1	1
2	1	2
3	4	2
4	5	1
5	6	1
6	7	2
7	8	2
8	9	3
9	10	5
\.


--
-- Data for Name: transactions_transactioncategory; Type: TABLE DATA; Schema: public; Owner: django_db
--

COPY public.transactions_transactioncategory (id, name, created_at, updated_at) FROM stdin;
1	Subskrypcje	2023-10-20 17:04:45.165242+00	2023-10-20 17:04:45.165258+00
2	domowe	2023-11-28 20:58:19.39268+00	2023-11-28 20:58:19.392698+00
3	test2	2023-11-28 20:58:53.67145+00	2023-11-28 20:58:53.671467+00
4	cat2	2023-11-28 21:01:12.971434+00	2023-11-28 21:01:12.971455+00
\.


--
-- Data for Name: transactions_transactiontag; Type: TABLE DATA; Schema: public; Owner: django_db
--

COPY public.transactions_transactiontag (id, name, created_at, updated_at) FROM stdin;
1	Prywatne	2023-10-20 18:02:51.625107+00	2023-10-20 18:02:51.625123+00
2	muzyka	2023-11-08 17:59:36.525239+00	2023-11-08 17:59:36.525254+00
3	asd	2023-11-28 20:57:30.928042+00	2023-11-28 20:57:30.928058+00
4	zxc	2023-11-28 21:01:33.425616+00	2023-11-28 21:01:33.425632+00
5	tag2	2023-11-28 21:20:59.71927+00	2023-11-28 21:20:59.719286+00
\.


--
-- Data for Name: users_account; Type: TABLE DATA; Schema: public; Owner: django_db
--

COPY public.users_account (id, name, created_at, updated_at, owner_id) FROM stdin;
1	Test	2023-10-20 17:04:38.125703+00	2023-10-20 17:04:38.125719+00	1
\.


--
-- Name: auth_group_id_seq; Type: SEQUENCE SET; Schema: public; Owner: django_db
--

SELECT pg_catalog.setval('public.auth_group_id_seq', 1, false);


--
-- Name: auth_group_permissions_id_seq; Type: SEQUENCE SET; Schema: public; Owner: django_db
--

SELECT pg_catalog.setval('public.auth_group_permissions_id_seq', 1, false);


--
-- Name: auth_permission_id_seq; Type: SEQUENCE SET; Schema: public; Owner: django_db
--

SELECT pg_catalog.setval('public.auth_permission_id_seq', 60, true);


--
-- Name: auth_user_groups_id_seq; Type: SEQUENCE SET; Schema: public; Owner: django_db
--

SELECT pg_catalog.setval('public.auth_user_groups_id_seq', 1, false);


--
-- Name: auth_user_id_seq; Type: SEQUENCE SET; Schema: public; Owner: django_db
--

SELECT pg_catalog.setval('public.auth_user_id_seq', 4, true);


--
-- Name: auth_user_user_permissions_id_seq; Type: SEQUENCE SET; Schema: public; Owner: django_db
--

SELECT pg_catalog.setval('public.auth_user_user_permissions_id_seq', 1, false);


--
-- Name: budgets_budget_id_seq; Type: SEQUENCE SET; Schema: public; Owner: django_db
--

SELECT pg_catalog.setval('public.budgets_budget_id_seq', 2, true);


--
-- Name: django_admin_log_id_seq; Type: SEQUENCE SET; Schema: public; Owner: django_db
--

SELECT pg_catalog.setval('public.django_admin_log_id_seq', 11, true);


--
-- Name: django_content_type_id_seq; Type: SEQUENCE SET; Schema: public; Owner: django_db
--

SELECT pg_catalog.setval('public.django_content_type_id_seq', 15, true);


--
-- Name: django_migrations_id_seq; Type: SEQUENCE SET; Schema: public; Owner: django_db
--

SELECT pg_catalog.setval('public.django_migrations_id_seq', 35, true);


--
-- Name: token_blacklist_blacklistedtoken_id_seq; Type: SEQUENCE SET; Schema: public; Owner: django_db
--

SELECT pg_catalog.setval('public.token_blacklist_blacklistedtoken_id_seq', 10, true);


--
-- Name: token_blacklist_outstandingtoken_id_seq; Type: SEQUENCE SET; Schema: public; Owner: django_db
--

SELECT pg_catalog.setval('public.token_blacklist_outstandingtoken_id_seq', 142, true);


--
-- Name: transactions_transaction_id_seq; Type: SEQUENCE SET; Schema: public; Owner: django_db
--

SELECT pg_catalog.setval('public.transactions_transaction_id_seq', 10, true);


--
-- Name: transactions_transaction_tags_id_seq; Type: SEQUENCE SET; Schema: public; Owner: django_db
--

SELECT pg_catalog.setval('public.transactions_transaction_tags_id_seq', 9, true);


--
-- Name: transactions_transactioncategory_id_seq; Type: SEQUENCE SET; Schema: public; Owner: django_db
--

SELECT pg_catalog.setval('public.transactions_transactioncategory_id_seq', 4, true);


--
-- Name: transactions_transactiontag_id_seq; Type: SEQUENCE SET; Schema: public; Owner: django_db
--

SELECT pg_catalog.setval('public.transactions_transactiontag_id_seq', 5, true);


--
-- Name: users_account_id_seq; Type: SEQUENCE SET; Schema: public; Owner: django_db
--

SELECT pg_catalog.setval('public.users_account_id_seq', 1, true);


--
-- Name: auth_group auth_group_name_key; Type: CONSTRAINT; Schema: public; Owner: django_db
--

ALTER TABLE ONLY public.auth_group
    ADD CONSTRAINT auth_group_name_key UNIQUE (name);


--
-- Name: auth_group_permissions auth_group_permissions_group_id_permission_id_0cd325b0_uniq; Type: CONSTRAINT; Schema: public; Owner: django_db
--

ALTER TABLE ONLY public.auth_group_permissions
    ADD CONSTRAINT auth_group_permissions_group_id_permission_id_0cd325b0_uniq UNIQUE (group_id, permission_id);


--
-- Name: auth_group_permissions auth_group_permissions_pkey; Type: CONSTRAINT; Schema: public; Owner: django_db
--

ALTER TABLE ONLY public.auth_group_permissions
    ADD CONSTRAINT auth_group_permissions_pkey PRIMARY KEY (id);


--
-- Name: auth_group auth_group_pkey; Type: CONSTRAINT; Schema: public; Owner: django_db
--

ALTER TABLE ONLY public.auth_group
    ADD CONSTRAINT auth_group_pkey PRIMARY KEY (id);


--
-- Name: auth_permission auth_permission_content_type_id_codename_01ab375a_uniq; Type: CONSTRAINT; Schema: public; Owner: django_db
--

ALTER TABLE ONLY public.auth_permission
    ADD CONSTRAINT auth_permission_content_type_id_codename_01ab375a_uniq UNIQUE (content_type_id, codename);


--
-- Name: auth_permission auth_permission_pkey; Type: CONSTRAINT; Schema: public; Owner: django_db
--

ALTER TABLE ONLY public.auth_permission
    ADD CONSTRAINT auth_permission_pkey PRIMARY KEY (id);


--
-- Name: auth_user_groups auth_user_groups_pkey; Type: CONSTRAINT; Schema: public; Owner: django_db
--

ALTER TABLE ONLY public.auth_user_groups
    ADD CONSTRAINT auth_user_groups_pkey PRIMARY KEY (id);


--
-- Name: auth_user_groups auth_user_groups_user_id_group_id_94350c0c_uniq; Type: CONSTRAINT; Schema: public; Owner: django_db
--

ALTER TABLE ONLY public.auth_user_groups
    ADD CONSTRAINT auth_user_groups_user_id_group_id_94350c0c_uniq UNIQUE (user_id, group_id);


--
-- Name: auth_user auth_user_pkey; Type: CONSTRAINT; Schema: public; Owner: django_db
--

ALTER TABLE ONLY public.auth_user
    ADD CONSTRAINT auth_user_pkey PRIMARY KEY (id);


--
-- Name: auth_user_user_permissions auth_user_user_permissions_pkey; Type: CONSTRAINT; Schema: public; Owner: django_db
--

ALTER TABLE ONLY public.auth_user_user_permissions
    ADD CONSTRAINT auth_user_user_permissions_pkey PRIMARY KEY (id);


--
-- Name: auth_user_user_permissions auth_user_user_permissions_user_id_permission_id_14a6b632_uniq; Type: CONSTRAINT; Schema: public; Owner: django_db
--

ALTER TABLE ONLY public.auth_user_user_permissions
    ADD CONSTRAINT auth_user_user_permissions_user_id_permission_id_14a6b632_uniq UNIQUE (user_id, permission_id);


--
-- Name: auth_user auth_user_username_key; Type: CONSTRAINT; Schema: public; Owner: django_db
--

ALTER TABLE ONLY public.auth_user
    ADD CONSTRAINT auth_user_username_key UNIQUE (username);


--
-- Name: authtoken_token authtoken_token_pkey; Type: CONSTRAINT; Schema: public; Owner: django_db
--

ALTER TABLE ONLY public.authtoken_token
    ADD CONSTRAINT authtoken_token_pkey PRIMARY KEY (key);


--
-- Name: authtoken_token authtoken_token_user_id_key; Type: CONSTRAINT; Schema: public; Owner: django_db
--

ALTER TABLE ONLY public.authtoken_token
    ADD CONSTRAINT authtoken_token_user_id_key UNIQUE (user_id);


--
-- Name: budgets_budget budgets_budget_pkey; Type: CONSTRAINT; Schema: public; Owner: django_db
--

ALTER TABLE ONLY public.budgets_budget
    ADD CONSTRAINT budgets_budget_pkey PRIMARY KEY (id);


--
-- Name: django_admin_log django_admin_log_pkey; Type: CONSTRAINT; Schema: public; Owner: django_db
--

ALTER TABLE ONLY public.django_admin_log
    ADD CONSTRAINT django_admin_log_pkey PRIMARY KEY (id);


--
-- Name: django_content_type django_content_type_app_label_model_76bd3d3b_uniq; Type: CONSTRAINT; Schema: public; Owner: django_db
--

ALTER TABLE ONLY public.django_content_type
    ADD CONSTRAINT django_content_type_app_label_model_76bd3d3b_uniq UNIQUE (app_label, model);


--
-- Name: django_content_type django_content_type_pkey; Type: CONSTRAINT; Schema: public; Owner: django_db
--

ALTER TABLE ONLY public.django_content_type
    ADD CONSTRAINT django_content_type_pkey PRIMARY KEY (id);


--
-- Name: django_migrations django_migrations_pkey; Type: CONSTRAINT; Schema: public; Owner: django_db
--

ALTER TABLE ONLY public.django_migrations
    ADD CONSTRAINT django_migrations_pkey PRIMARY KEY (id);


--
-- Name: django_session django_session_pkey; Type: CONSTRAINT; Schema: public; Owner: django_db
--

ALTER TABLE ONLY public.django_session
    ADD CONSTRAINT django_session_pkey PRIMARY KEY (session_key);


--
-- Name: token_blacklist_blacklistedtoken token_blacklist_blacklistedtoken_pkey; Type: CONSTRAINT; Schema: public; Owner: django_db
--

ALTER TABLE ONLY public.token_blacklist_blacklistedtoken
    ADD CONSTRAINT token_blacklist_blacklistedtoken_pkey PRIMARY KEY (id);


--
-- Name: token_blacklist_blacklistedtoken token_blacklist_blacklistedtoken_token_id_key; Type: CONSTRAINT; Schema: public; Owner: django_db
--

ALTER TABLE ONLY public.token_blacklist_blacklistedtoken
    ADD CONSTRAINT token_blacklist_blacklistedtoken_token_id_key UNIQUE (token_id);


--
-- Name: token_blacklist_outstandingtoken token_blacklist_outstandingtoken_jti_hex_d9bdf6f7_uniq; Type: CONSTRAINT; Schema: public; Owner: django_db
--

ALTER TABLE ONLY public.token_blacklist_outstandingtoken
    ADD CONSTRAINT token_blacklist_outstandingtoken_jti_hex_d9bdf6f7_uniq UNIQUE (jti);


--
-- Name: token_blacklist_outstandingtoken token_blacklist_outstandingtoken_pkey; Type: CONSTRAINT; Schema: public; Owner: django_db
--

ALTER TABLE ONLY public.token_blacklist_outstandingtoken
    ADD CONSTRAINT token_blacklist_outstandingtoken_pkey PRIMARY KEY (id);


--
-- Name: transactions_transaction transactions_transaction_pkey; Type: CONSTRAINT; Schema: public; Owner: django_db
--

ALTER TABLE ONLY public.transactions_transaction
    ADD CONSTRAINT transactions_transaction_pkey PRIMARY KEY (id);


--
-- Name: transactions_transaction_tags transactions_transaction_tags_pkey; Type: CONSTRAINT; Schema: public; Owner: django_db
--

ALTER TABLE ONLY public.transactions_transaction_tags
    ADD CONSTRAINT transactions_transaction_tags_pkey PRIMARY KEY (id);


--
-- Name: transactions_transaction_tags transactions_transaction_transaction_id_transacti_0ab75a2f_uniq; Type: CONSTRAINT; Schema: public; Owner: django_db
--

ALTER TABLE ONLY public.transactions_transaction_tags
    ADD CONSTRAINT transactions_transaction_transaction_id_transacti_0ab75a2f_uniq UNIQUE (transaction_id, transactiontag_id);


--
-- Name: transactions_transactioncategory transactions_transactioncategory_pkey; Type: CONSTRAINT; Schema: public; Owner: django_db
--

ALTER TABLE ONLY public.transactions_transactioncategory
    ADD CONSTRAINT transactions_transactioncategory_pkey PRIMARY KEY (id);


--
-- Name: transactions_transactiontag transactions_transactiontag_pkey; Type: CONSTRAINT; Schema: public; Owner: django_db
--

ALTER TABLE ONLY public.transactions_transactiontag
    ADD CONSTRAINT transactions_transactiontag_pkey PRIMARY KEY (id);


--
-- Name: users_account unique_account; Type: CONSTRAINT; Schema: public; Owner: django_db
--

ALTER TABLE ONLY public.users_account
    ADD CONSTRAINT unique_account UNIQUE (name, owner_id);


--
-- Name: budgets_budget unique_budget; Type: CONSTRAINT; Schema: public; Owner: django_db
--

ALTER TABLE ONLY public.budgets_budget
    ADD CONSTRAINT unique_budget UNIQUE (name);


--
-- Name: transactions_transactioncategory unique_category; Type: CONSTRAINT; Schema: public; Owner: django_db
--

ALTER TABLE ONLY public.transactions_transactioncategory
    ADD CONSTRAINT unique_category UNIQUE (name);


--
-- Name: transactions_transactiontag unique_tag; Type: CONSTRAINT; Schema: public; Owner: django_db
--

ALTER TABLE ONLY public.transactions_transactiontag
    ADD CONSTRAINT unique_tag UNIQUE (name);


--
-- Name: users_account users_account_pkey; Type: CONSTRAINT; Schema: public; Owner: django_db
--

ALTER TABLE ONLY public.users_account
    ADD CONSTRAINT users_account_pkey PRIMARY KEY (id);


--
-- Name: auth_group_name_a6ea08ec_like; Type: INDEX; Schema: public; Owner: django_db
--

CREATE INDEX auth_group_name_a6ea08ec_like ON public.auth_group USING btree (name varchar_pattern_ops);


--
-- Name: auth_group_permissions_group_id_b120cbf9; Type: INDEX; Schema: public; Owner: django_db
--

CREATE INDEX auth_group_permissions_group_id_b120cbf9 ON public.auth_group_permissions USING btree (group_id);


--
-- Name: auth_group_permissions_permission_id_84c5c92e; Type: INDEX; Schema: public; Owner: django_db
--

CREATE INDEX auth_group_permissions_permission_id_84c5c92e ON public.auth_group_permissions USING btree (permission_id);


--
-- Name: auth_permission_content_type_id_2f476e4b; Type: INDEX; Schema: public; Owner: django_db
--

CREATE INDEX auth_permission_content_type_id_2f476e4b ON public.auth_permission USING btree (content_type_id);


--
-- Name: auth_user_groups_group_id_97559544; Type: INDEX; Schema: public; Owner: django_db
--

CREATE INDEX auth_user_groups_group_id_97559544 ON public.auth_user_groups USING btree (group_id);


--
-- Name: auth_user_groups_user_id_6a12ed8b; Type: INDEX; Schema: public; Owner: django_db
--

CREATE INDEX auth_user_groups_user_id_6a12ed8b ON public.auth_user_groups USING btree (user_id);


--
-- Name: auth_user_user_permissions_permission_id_1fbb5f2c; Type: INDEX; Schema: public; Owner: django_db
--

CREATE INDEX auth_user_user_permissions_permission_id_1fbb5f2c ON public.auth_user_user_permissions USING btree (permission_id);


--
-- Name: auth_user_user_permissions_user_id_a95ead1b; Type: INDEX; Schema: public; Owner: django_db
--

CREATE INDEX auth_user_user_permissions_user_id_a95ead1b ON public.auth_user_user_permissions USING btree (user_id);


--
-- Name: auth_user_username_6821ab7c_like; Type: INDEX; Schema: public; Owner: django_db
--

CREATE INDEX auth_user_username_6821ab7c_like ON public.auth_user USING btree (username varchar_pattern_ops);


--
-- Name: authtoken_token_key_10f0b77e_like; Type: INDEX; Schema: public; Owner: django_db
--

CREATE INDEX authtoken_token_key_10f0b77e_like ON public.authtoken_token USING btree (key varchar_pattern_ops);


--
-- Name: django_admin_log_content_type_id_c4bce8eb; Type: INDEX; Schema: public; Owner: django_db
--

CREATE INDEX django_admin_log_content_type_id_c4bce8eb ON public.django_admin_log USING btree (content_type_id);


--
-- Name: django_admin_log_user_id_c564eba6; Type: INDEX; Schema: public; Owner: django_db
--

CREATE INDEX django_admin_log_user_id_c564eba6 ON public.django_admin_log USING btree (user_id);


--
-- Name: django_session_expire_date_a5c62663; Type: INDEX; Schema: public; Owner: django_db
--

CREATE INDEX django_session_expire_date_a5c62663 ON public.django_session USING btree (expire_date);


--
-- Name: django_session_session_key_c0390e0f_like; Type: INDEX; Schema: public; Owner: django_db
--

CREATE INDEX django_session_session_key_c0390e0f_like ON public.django_session USING btree (session_key varchar_pattern_ops);


--
-- Name: token_blacklist_outstandingtoken_jti_hex_d9bdf6f7_like; Type: INDEX; Schema: public; Owner: django_db
--

CREATE INDEX token_blacklist_outstandingtoken_jti_hex_d9bdf6f7_like ON public.token_blacklist_outstandingtoken USING btree (jti varchar_pattern_ops);


--
-- Name: token_blacklist_outstandingtoken_user_id_83bc629a; Type: INDEX; Schema: public; Owner: django_db
--

CREATE INDEX token_blacklist_outstandingtoken_user_id_83bc629a ON public.token_blacklist_outstandingtoken USING btree (user_id);


--
-- Name: transactions_transaction_account_id_322da003; Type: INDEX; Schema: public; Owner: django_db
--

CREATE INDEX transactions_transaction_account_id_322da003 ON public.transactions_transaction USING btree (account_id);


--
-- Name: transactions_transaction_budget_id_cb66d16d; Type: INDEX; Schema: public; Owner: django_db
--

CREATE INDEX transactions_transaction_budget_id_cb66d16d ON public.transactions_transaction USING btree (budget_id);


--
-- Name: transactions_transaction_category_id_c06a92e3; Type: INDEX; Schema: public; Owner: django_db
--

CREATE INDEX transactions_transaction_category_id_c06a92e3 ON public.transactions_transaction USING btree (category_id);


--
-- Name: transactions_transaction_tags_transaction_id_b4bea1f3; Type: INDEX; Schema: public; Owner: django_db
--

CREATE INDEX transactions_transaction_tags_transaction_id_b4bea1f3 ON public.transactions_transaction_tags USING btree (transaction_id);


--
-- Name: transactions_transaction_tags_transactiontag_id_63acf569; Type: INDEX; Schema: public; Owner: django_db
--

CREATE INDEX transactions_transaction_tags_transactiontag_id_63acf569 ON public.transactions_transaction_tags USING btree (transactiontag_id);


--
-- Name: users_account_owner_id_a3f6be77; Type: INDEX; Schema: public; Owner: django_db
--

CREATE INDEX users_account_owner_id_a3f6be77 ON public.users_account USING btree (owner_id);


--
-- Name: auth_group_permissions auth_group_permissio_permission_id_84c5c92e_fk_auth_perm; Type: FK CONSTRAINT; Schema: public; Owner: django_db
--

ALTER TABLE ONLY public.auth_group_permissions
    ADD CONSTRAINT auth_group_permissio_permission_id_84c5c92e_fk_auth_perm FOREIGN KEY (permission_id) REFERENCES public.auth_permission(id) DEFERRABLE INITIALLY DEFERRED;


--
-- Name: auth_group_permissions auth_group_permissions_group_id_b120cbf9_fk_auth_group_id; Type: FK CONSTRAINT; Schema: public; Owner: django_db
--

ALTER TABLE ONLY public.auth_group_permissions
    ADD CONSTRAINT auth_group_permissions_group_id_b120cbf9_fk_auth_group_id FOREIGN KEY (group_id) REFERENCES public.auth_group(id) DEFERRABLE INITIALLY DEFERRED;


--
-- Name: auth_permission auth_permission_content_type_id_2f476e4b_fk_django_co; Type: FK CONSTRAINT; Schema: public; Owner: django_db
--

ALTER TABLE ONLY public.auth_permission
    ADD CONSTRAINT auth_permission_content_type_id_2f476e4b_fk_django_co FOREIGN KEY (content_type_id) REFERENCES public.django_content_type(id) DEFERRABLE INITIALLY DEFERRED;


--
-- Name: auth_user_groups auth_user_groups_group_id_97559544_fk_auth_group_id; Type: FK CONSTRAINT; Schema: public; Owner: django_db
--

ALTER TABLE ONLY public.auth_user_groups
    ADD CONSTRAINT auth_user_groups_group_id_97559544_fk_auth_group_id FOREIGN KEY (group_id) REFERENCES public.auth_group(id) DEFERRABLE INITIALLY DEFERRED;


--
-- Name: auth_user_groups auth_user_groups_user_id_6a12ed8b_fk_auth_user_id; Type: FK CONSTRAINT; Schema: public; Owner: django_db
--

ALTER TABLE ONLY public.auth_user_groups
    ADD CONSTRAINT auth_user_groups_user_id_6a12ed8b_fk_auth_user_id FOREIGN KEY (user_id) REFERENCES public.auth_user(id) DEFERRABLE INITIALLY DEFERRED;


--
-- Name: auth_user_user_permissions auth_user_user_permi_permission_id_1fbb5f2c_fk_auth_perm; Type: FK CONSTRAINT; Schema: public; Owner: django_db
--

ALTER TABLE ONLY public.auth_user_user_permissions
    ADD CONSTRAINT auth_user_user_permi_permission_id_1fbb5f2c_fk_auth_perm FOREIGN KEY (permission_id) REFERENCES public.auth_permission(id) DEFERRABLE INITIALLY DEFERRED;


--
-- Name: auth_user_user_permissions auth_user_user_permissions_user_id_a95ead1b_fk_auth_user_id; Type: FK CONSTRAINT; Schema: public; Owner: django_db
--

ALTER TABLE ONLY public.auth_user_user_permissions
    ADD CONSTRAINT auth_user_user_permissions_user_id_a95ead1b_fk_auth_user_id FOREIGN KEY (user_id) REFERENCES public.auth_user(id) DEFERRABLE INITIALLY DEFERRED;


--
-- Name: authtoken_token authtoken_token_user_id_35299eff_fk_auth_user_id; Type: FK CONSTRAINT; Schema: public; Owner: django_db
--

ALTER TABLE ONLY public.authtoken_token
    ADD CONSTRAINT authtoken_token_user_id_35299eff_fk_auth_user_id FOREIGN KEY (user_id) REFERENCES public.auth_user(id) DEFERRABLE INITIALLY DEFERRED;


--
-- Name: django_admin_log django_admin_log_content_type_id_c4bce8eb_fk_django_co; Type: FK CONSTRAINT; Schema: public; Owner: django_db
--

ALTER TABLE ONLY public.django_admin_log
    ADD CONSTRAINT django_admin_log_content_type_id_c4bce8eb_fk_django_co FOREIGN KEY (content_type_id) REFERENCES public.django_content_type(id) DEFERRABLE INITIALLY DEFERRED;


--
-- Name: django_admin_log django_admin_log_user_id_c564eba6_fk_auth_user_id; Type: FK CONSTRAINT; Schema: public; Owner: django_db
--

ALTER TABLE ONLY public.django_admin_log
    ADD CONSTRAINT django_admin_log_user_id_c564eba6_fk_auth_user_id FOREIGN KEY (user_id) REFERENCES public.auth_user(id) DEFERRABLE INITIALLY DEFERRED;


--
-- Name: token_blacklist_blacklistedtoken token_blacklist_blacklistedtoken_token_id_3cc7fe56_fk; Type: FK CONSTRAINT; Schema: public; Owner: django_db
--

ALTER TABLE ONLY public.token_blacklist_blacklistedtoken
    ADD CONSTRAINT token_blacklist_blacklistedtoken_token_id_3cc7fe56_fk FOREIGN KEY (token_id) REFERENCES public.token_blacklist_outstandingtoken(id) DEFERRABLE INITIALLY DEFERRED;


--
-- Name: token_blacklist_outstandingtoken token_blacklist_outs_user_id_83bc629a_fk_auth_user; Type: FK CONSTRAINT; Schema: public; Owner: django_db
--

ALTER TABLE ONLY public.token_blacklist_outstandingtoken
    ADD CONSTRAINT token_blacklist_outs_user_id_83bc629a_fk_auth_user FOREIGN KEY (user_id) REFERENCES public.auth_user(id) DEFERRABLE INITIALLY DEFERRED;


--
-- Name: transactions_transaction transactions_transac_account_id_322da003_fk_users_acc; Type: FK CONSTRAINT; Schema: public; Owner: django_db
--

ALTER TABLE ONLY public.transactions_transaction
    ADD CONSTRAINT transactions_transac_account_id_322da003_fk_users_acc FOREIGN KEY (account_id) REFERENCES public.users_account(id) DEFERRABLE INITIALLY DEFERRED;


--
-- Name: transactions_transaction transactions_transac_budget_id_cb66d16d_fk_budgets_b; Type: FK CONSTRAINT; Schema: public; Owner: django_db
--

ALTER TABLE ONLY public.transactions_transaction
    ADD CONSTRAINT transactions_transac_budget_id_cb66d16d_fk_budgets_b FOREIGN KEY (budget_id) REFERENCES public.budgets_budget(id) DEFERRABLE INITIALLY DEFERRED;


--
-- Name: transactions_transaction transactions_transac_category_id_c06a92e3_fk_transacti; Type: FK CONSTRAINT; Schema: public; Owner: django_db
--

ALTER TABLE ONLY public.transactions_transaction
    ADD CONSTRAINT transactions_transac_category_id_c06a92e3_fk_transacti FOREIGN KEY (category_id) REFERENCES public.transactions_transactioncategory(id) DEFERRABLE INITIALLY DEFERRED;


--
-- Name: transactions_transaction_tags transactions_transac_transaction_id_b4bea1f3_fk_transacti; Type: FK CONSTRAINT; Schema: public; Owner: django_db
--

ALTER TABLE ONLY public.transactions_transaction_tags
    ADD CONSTRAINT transactions_transac_transaction_id_b4bea1f3_fk_transacti FOREIGN KEY (transaction_id) REFERENCES public.transactions_transaction(id) DEFERRABLE INITIALLY DEFERRED;


--
-- Name: transactions_transaction_tags transactions_transac_transactiontag_id_63acf569_fk_transacti; Type: FK CONSTRAINT; Schema: public; Owner: django_db
--

ALTER TABLE ONLY public.transactions_transaction_tags
    ADD CONSTRAINT transactions_transac_transactiontag_id_63acf569_fk_transacti FOREIGN KEY (transactiontag_id) REFERENCES public.transactions_transactiontag(id) DEFERRABLE INITIALLY DEFERRED;


--
-- Name: users_account users_account_owner_id_a3f6be77_fk_auth_user_id; Type: FK CONSTRAINT; Schema: public; Owner: django_db
--

ALTER TABLE ONLY public.users_account
    ADD CONSTRAINT users_account_owner_id_a3f6be77_fk_auth_user_id FOREIGN KEY (owner_id) REFERENCES public.auth_user(id) DEFERRABLE INITIALLY DEFERRED;


--
-- PostgreSQL database dump complete
--

--
-- Database "postgres" dump
--

--
-- PostgreSQL database dump
--

-- Dumped from database version 15.4 (Debian 15.4-2.pgdg120+1)
-- Dumped by pg_dump version 15.4 (Debian 15.4-2.pgdg120+1)

SET statement_timeout = 0;
SET lock_timeout = 0;
SET idle_in_transaction_session_timeout = 0;
SET client_encoding = 'UTF8';
SET standard_conforming_strings = on;
SELECT pg_catalog.set_config('search_path', '', false);
SET check_function_bodies = false;
SET xmloption = content;
SET client_min_messages = warning;
SET row_security = off;

DROP DATABASE postgres;
--
-- Name: postgres; Type: DATABASE; Schema: -; Owner: django_db
--

CREATE DATABASE postgres WITH TEMPLATE = template0 ENCODING = 'UTF8' LOCALE_PROVIDER = libc LOCALE = 'en_US.utf8';


ALTER DATABASE postgres OWNER TO django_db;

\connect postgres

SET statement_timeout = 0;
SET lock_timeout = 0;
SET idle_in_transaction_session_timeout = 0;
SET client_encoding = 'UTF8';
SET standard_conforming_strings = on;
SELECT pg_catalog.set_config('search_path', '', false);
SET check_function_bodies = false;
SET xmloption = content;
SET client_min_messages = warning;
SET row_security = off;

--
-- Name: DATABASE postgres; Type: COMMENT; Schema: -; Owner: django_db
--

COMMENT ON DATABASE postgres IS 'default administrative connection database';


--
-- PostgreSQL database dump complete
--

--
-- PostgreSQL database cluster dump complete
--

